"COMPOUND","FTAG_R_spearman","FTAG_p","FTAG_adj","sig_FTAG","Fmass_R_spearman","Fmass_p","Fmass_adj","sig_Fmass","FrTAG_R_spearman","FrTAG_p","FrTAG_adj","sig_FrTAG","MTAG_R_spearman","MTAG_p","MTAG_adj","sig_MTAG","Mmass_R_spearman","Mmass_p","Mmass_adj","sig_Mmass","MrTAG_R_spearman","MrTAG_p","MrTAG_adj","sig_MrTAG"
"1-Methyladenosine",-0.126698287660078,0.28890070827401,0.504213500289546,"NS",-0.190375282418947,0.159903347405841,0.281734469238863,"NS",0.11203007518797,0.409997424863713,0.702310403701731,"NS",-0.0766483080347286,0.537568194900081,0.796588841655279,"NS",0.107784432912181,0.442360322689342,0.716327850534296,"NS",-0.214481535236252,0.12286657064584,0.562676220268479,"NS"
"1-Methylnicotinamide",-0.230886727258721,0.0510209292865833,0.174793924407739,"NS",-0.306958781221645,0.021384833176069,0.0573361469213444,"NS",0.0200956937799043,0.882937538095008,0.956938905505915,"NS",0.0128113027228055,0.918045695476206,0.976083067029299,"NS",0.149196558838409,0.286311032859346,0.586086514804095,"NS",-0.0806321561038542,0.564972428259265,0.854643021501925,"NS"
"1/3-Methylhistidine",0.477819760492665,2.19067932810104e-05,0.00405275675698693,"SIG",0.697211020837361,2.37772456993361e-09,4.39879045437718e-07,"SIG",-0.106493506493507,0.433633290693808,0.729292352530495,"NS",0.145214719491986,0.240999557042163,0.685741122197436,"NS",0.0617754400379575,0.660351342355326,0.878884880113204,"NS",0.0828092243186583,0.55448256139792,0.854643021501925,"NS"
"2'-Deoxycytidine",0.112645711084582,0.346138804665666,0.566687423567684,"NS",0.322578440838424,0.015320350544179,0.0464633582077558,"NS",-0.222761449077239,0.0988955545465736,0.398071812493083,"NS",-0.258221584475238,0.0348770937980672,0.293774298763088,"NS",0.0562108116272277,0.689319107305969,0.879476102424857,"NS",-0.129333978390582,0.354959657329497,0.736980623586167,"NS"
"2-Aminoadipate",0.122566122694515,0.305042560060178,0.52252660751049,"NS",0.0723221001074492,0.596322105434825,0.698225250034447,"NS",0.0428571428571429,0.753222053717777,0.956938905505915,"NS",0.264068487431284,0.0308265768376462,0.285145835748228,"NS",0.223028693766281,0.108439146693737,0.396436427676553,"NS",0.0567650378971134,0.685625908792496,0.875566489330409,"NS"
"2-Aminoisobutyric Acid",0.279829568329442,0.0172822070286064,0.114186010724721,"NS",0.142388406922322,0.295168648190919,0.433382539010476,"NS",0.210252904989747,0.119731078097393,0.427844163303447,"NS",0.115421456306397,0.35231965357637,0.738813414397732,"NS",0.187060226067941,0.179849151515964,0.504122621673534,"NS",0.0244315432994678,0.861885065604319,0.927027541493018,"NS"
"2-Hydroxyglutarate",-0.105940992054855,0.375777896213226,0.594178724781597,"NS",-0.00239250803758102,0.986037657258435,0.986037657258435,"NS",-0.172590567327409,0.202809120739323,0.563896151193717,"NS",-0.149185824230052,0.228236270790969,0.670217620576654,"NS",-0.259037484858903,0.0610736055935995,0.289708129097844,"NS",0.0331398161586841,0.813346909221994,0.902497190859482,"NS"
"2-Hydroxyisobutyrate/2-Hydroxybutyrate",-0.0979499959930452,0.413038523190238,0.622976767578518,"NS",0.139654112022229,0.304634328459517,0.440291802851646,"NS",-0.0793574846206425,0.559990716034327,0.835470019889923,"NS",0.0551165391283313,0.657769226265482,0.870116449607392,"NS",0.179640721520301,0.198052714270067,0.509351186266511,"NS",0.0751491694887921,0.591796819375935,0.854643021501925,"NS"
"2-Hydroxyphenylacetate",-0.320379451765827,0.00607595420539966,0.062447307111052,"NS",-0.545184224392213,1.394599248451e-05,0.000234895514799192,"SIG",0.234107997265892,0.0825513663818586,0.391589814888303,"NS",0.0830739146963226,0.503910659606255,0.796588841655279,"NS",0.161938751431095,0.246665818063777,0.545882393868819,"NS",-0.0459603289791969,0.743194624291718,0.87573888849661,"NS"
"2-isoPropylmalic Acid",-0.0783985851053986,0.512725233858881,0.713189235066865,"NS",-0.470743045737192,0.000250864979229253,0.00244263269249536,"SIG",0.259056732740943,0.0541282291380017,0.358764919843155,"NS",0.0999161880577678,0.421123188110292,0.752267930554635,"NS",-0.0572592198785246,0.683825958442501,0.879476102424857,"NS",0.35187872923722,0.0101163130460588,0.504923241573564,"NS"
"3-(4-Hydroxyphenyl)Propionate",-0.224825146745035,0.0576036303926705,0.186959151274457,"NS",-0.48161186796506,0.000171311077257418,0.00176069718292346,"SIG",0.0347231715652768,0.798996192866072,0.956938905505915,"NS",-0.181732918842039,0.141063830132573,0.503015138237748,"NS",-0.00391136924522316,0.977824626184378,0.983138890457119,"NS",-0.251007901951298,0.0700310566861594,0.504923241573564,"NS"
"3-Aminoisobutyrate",0.321649650335008,0.00586657256179036,0.062447307111052,"NS",0.224348896552598,0.0964583111970693,0.18783986917324,"NS",0.168557758031442,0.213685402728417,0.563896151193717,"NS",0.0871847065357275,0.482962820652431,0.790691343546015,"NS",0.130446180497906,0.351851528377372,0.655261729035363,"NS",0.0676503789711337,0.629379655513592,0.856141443161871,"NS"
"3-Hydroxyisovaleric Acid",-0.152182651358203,0.201898743210144,0.393171236777649,"NS",-0.287989610352253,0.0313707961410516,0.0788479566473952,"NS",0.0551606288448394,0.685614573301111,0.938331380836341,"NS",-0.0102171136979383,0.934599836049875,0.977472170726313,"NS",0.0954857976565819,0.496423613142742,0.748283696720698,"NS",0.055878084179971,0.690290241667227,0.875566489330409,"NS"
"3-Hydroxypropionic Acid",-0.247849505619303,0.0358046369803255,0.147196840919116,"NS",-0.336489166142645,0.0112230487554347,0.0364256845571126,"NS",0.00170881749829118,0.990193830692571,0.99859908483962,"NS",0.0650343233234003,0.601068161470773,0.823685999052541,"NS",-0.3467811908136,0.0109627371653157,0.088178538068844,"NS",0.32865666827931,0.0166613508257401,0.504923241573564,"NS"
"3-Methyl-3-Hydroxyglutaric Acid",0.246370287032408,0.0369597236179064,0.147849250578125,"NS",0.236892474406772,0.0787689102768395,0.158394004361036,"NS",-0.0919343814080656,0.499331572911891,0.781756125126762,"NS",0.0377753832621039,0.761513219441329,0.911688697373292,"NS",0.071090144116788,0.61296625051694,0.846259375713686,"NS",-0.0574100951459442,0.682240998318721,0.875566489330409,"NS"
"3HBA",0.0447302837906519,0.709079068728458,0.857383187678201,"NS",-0.0392029531300776,0.774218309307323,0.837604603636577,"NS",0.104306220095694,0.44317922864028,0.732037118736177,"NS",0.109993614654367,0.375571245777834,0.752267930554635,"NS",0.256537434413503,0.0637031470457421,0.294627055086557,"NS",0.0521690049991937,0.709918775132764,0.875566489330409,"NS"
"4-Guanidinobutanoate",-0.130460647978918,0.274702349662759,0.488639418194754,"NS",-0.273019345774246,0.0417638383316098,0.0978013935613648,"NS",0.143814080656186,0.289440237123169,0.615476366296393,"NS",-0.136254789706099,0.271575384413988,0.685741122197436,"NS",-0.412588970279623,0.0021398517988814,0.0395872582793059,"NS",0.252136752136752,0.0687492068003186,0.504923241573564,"NS"
"4-Hydroxybenzoic Acid",0.00656001286361826,0.95638548979191,0.968241350874806,"NS",-0.153633194698953,0.258273105540496,0.389427714061404,"NS",0.0341763499658237,0.802099768419687,0.956938905505915,"NS",-0.00947876759086074,0.939316761472317,0.977472170726313,"NS",-0.203068613597359,0.144743138892569,0.446291344918755,"NS",0.136913401064344,0.327277262105633,0.736980623586167,"NS"
"4-Pyridoxic Acid",0.287450759744527,0.0143522196614636,0.102121562975799,"NS",0.403992071488681,0.00201649868618941,0.0120339437724207,"NS",-0.0639097744360902,0.638960148498254,0.918916573906223,"NS",-0.265904375048883,0.0296391797395417,0.285145835748228,"NS",0.088308233474626,0.529483929560024,0.765269741942222,"NS",-0.320029027576197,0.0198841303516021,0.504923241573564,"NS"
"5'-Methylthioadenosine",0.273076613911011,0.020293379603433,0.123645908312551,"NS",0.379485953446601,0.00392020321166432,0.0173602818062104,"NS",0.151948051948052,0.262801526168739,0.571979792249607,"NS",-0.117277299224186,0.344578427359981,0.738813414397732,"NS",0.0677029789972133,0.630029394296687,0.857025279006522,"NS",-0.270278987260119,0.0506130441930497,0.504923241573564,"NS"
"5-Methylcytidine",0.199163919954998,0.0934967862341262,0.238178561743454,"NS",0.0738259623025001,0.588685928090645,0.698121132671598,"NS",0.172590567327409,0.202809120739322,0.563896151193717,"NS",0.110771871361827,0.372181711200682,0.752267930554635,"NS",-0.118389485607992,0.398495334016288,0.682607748083457,"NS",0.240445089501693,0.0829761466983223,0.504923241573564,"NS"
"5,6-Dihydrouracil",0.244312243781077,0.038618301489077,0.148060036651401,"NS",0.31092350882678,0.0196798356733839,0.0560118399934774,"NS",-0.127887901572112,0.346584968997168,0.664977992992393,"NS",0.0197757024895642,0.873794661153013,0.959286806717593,"NS",0.12943809564089,0.355617696012637,0.655261729035363,"NS",-0.0255603934849218,0.855560196791436,0.925606060856232,"NS"
"6-Methyladenosine",-0.110362569352637,0.356063807139816,0.577822844919877,"NS",-0.14054275786476,0.301536741845593,0.439246434971927,"NS",-0.0534518113465482,0.694872427970696,0.938331380836341,"NS",-0.100614623564463,0.417867620830161,0.752267930554635,"NS",-0.145123896016063,0.299816756765143,0.596409677436038,"NS",0.0370101596516691,0.79198611816022,0.896902720713961,"NS"
"7-Methylguanine",0.249634215001316,0.0344512472803694,0.147196840919116,"NS",-0.123009091817916,0.366424680700189,0.496439525209939,"NS",0.18673957621326,0.167780701879272,0.544551400836233,"NS",-0.138848978730966,0.26246762641756,0.685741122197436,"NS",-0.27432005129127,0.0468368907458137,0.262570448120471,"NS",0.0345105628124496,0.805765219492316,0.902497190859482,"NS"
"Acetylcarnitine",-0.0672562103149882,0.574568365327586,0.7702546926493,"NS",-0.114840385803889,0.399341863387363,0.523959182458597,"NS",0.118865345181135,0.38187717329025,0.690850894808431,"NS",-0.0918542467804884,0.459739940058312,0.786102506933965,"NS",-0.016532591655067,0.906466174227015,0.947436396790948,"NS",-0.0328979196903725,0.814686653370452,0.902497190859482,"NS"
"Acetylcholine",0.099766862300861,0.404384027656278,0.618273100135631,"NS",0.260065623685057,0.0529032809362355,0.113803569455855,"NS",-0.00683526999316473,0.960190151160959,0.992375295892611,"NS",0.084151500906652,0.498374586014662,0.796588841655279,"NS",0.229077202908379,0.098950621153723,0.396436427676553,"NS",0.0115303983228512,0.934687972163983,0.955344059946613,"NS"
"Adenine",-0.14210145511926,0.233762841148664,0.432108169539969,"NS",-0.225681865316393,0.0944434293340218,0.18783986917324,"NS",0.159535201640465,0.239494120169896,0.571979792249607,"NS",0.214758940658617,0.0809461434903366,0.394079909097691,"NS",0.112824857197262,0.421186506411613,0.695709854340611,"NS",0.133123689727463,0.340942559458717,0.736980623586167,"NS"
"Adenosine",-0.203617654178582,0.0862467402535562,0.227937813527256,"NS",-0.212078748188432,0.116609398819055,0.215727387815251,"NS",0.0454545454545455,0.738773987167772,0.956938905505915,"NS",0.0808389210748986,0.515493123336396,0.796588841655279,"NS",0.0356458805440956,0.799960333953974,0.91250861953551,"NS",-0.0228189001773907,0.870935540323571,0.93134725410324,"NS"
"Adenylosuccinate",-0.141458316603219,0.235907703370469,0.432108169539969,"NS",-0.267550755974061,0.0462050987033657,0.104243210489301,"NS",-0.115447710184552,0.395789608746628,0.696036854529327,"NS",-0.0143478608375345,0.908256436308641,0.976083067029299,"NS",-0.114760380122733,0.413211775609639,0.688686292682731,"NS",0.0286244154168682,0.838439489620325,0.920254831547653,"NS"
"Adipic Acid / 3-Methylglutaric Acid",-0.32528338295064,0.00530229928835766,0.062447307111052,"NS",-0.337036025122664,0.0110834732567732,0.0364256845571126,"NS",0.0421736158578264,0.757038515490639,0.956938905505915,"NS",0.272130428708564,0.0258944650783384,0.270239544588925,"NS",0.105606969621025,0.451686907245129,0.720362740003007,"NS",0.14288018061603,0.306477102862152,0.723461429079982,"NS"
"ADP",0.262046788360908,0.0261727492343496,0.127419963377755,"NS",0.448766150477698,0.000522411292422719,0.00420200387383491,"SIG",-0.177033492822967,0.191290333825267,0.563896151193717,"NS",0.0637372288109667,0.608360499315663,0.827549208627923,"NS",0.306175532772984,0.0257681981816788,0.162348458653551,"NS",-0.121512659248508,0.38499330423474,0.736980623586167,"NS"
"Agmatine",0.268944448945448,0.0223483491739663,0.12631691608323,"NS",0.308428464730445,0.0207387736502738,0.0564216636073626,"NS",-0.0618591934381408,0.649778336284757,0.919159352583019,"NS",0.0506465518854833,0.683993525058782,0.878741681499129,"NS",0.0372588163153217,0.791107884406442,0.91250861953551,"NS",-0.0541041767456862,0.699653346651421,0.875566489330409,"NS"
"Alanine",0.17753838735312,0.135704838225934,0.300144252945794,"NS",-0.07943126684769,0.560618328152066,0.673470069533326,"NS",0.266165413533835,0.0476876385606566,0.358764919843155,"NS",0.0313497766005099,0.801163389143761,0.911688697373292,"NS",0.165930767464879,0.235053237425188,0.543560611545746,"NS",-0.0646669891952911,0.644604418833716,0.864143604958242,"NS"
"Allantoin",0.0707452367645106,0.554836792963777,0.760331901468879,"NS",-0.244958644362046,0.0688214646597791,0.143055853506282,"NS",0.294463431305537,0.0279678335118543,0.304355835276061,"NS",0.131784802463251,0.287759400968997,0.691432363079293,"NS",-0.00826629582753348,0.953154807337661,0.969330199263569,"NS",0.141025641025641,0.3128481855481,0.723461429079982,"NS"
"Alpha-Ketoglutaric Acid",0.188069780553291,0.11363846902969,0.268034804202099,"NS",0.261979630115122,0.0511197355136845,0.112585131786091,"NS",0.0492822966507177,0.71764701056717,0.955141704711701,"NS",-0.271431993201869,0.0262935773113549,0.270239544588925,"NS",-0.179197164183214,0.199180927314565,0.509351186266511,"NS",-0.179487179487179,0.197874895272349,0.637898285147418,"NS"
"Aminolevulinate",0.215242382856024,0.0694049046254078,0.207095279930652,"NS",0.367318341141189,0.00535546883678132,0.0225173121546487,"NS",-0.253041695146958,0.0601173649466909,0.358764919843155,"NS",0.123942369488076,0.317659290729784,0.708560962006792,"NS",0.0570172795128407,0.685092180557714,0.879476102424857,"NS",0.0781325592646347,0.577130186800711,0.854643021501925,"NS"
"AMP",0.217975721549198,0.0658562856723527,0.201033006218442,"NS",0.397224691610952,0.00243500131414585,0.013590324461036,"NS",-0.242036910457963,0.0724599335765459,0.36395321246415,"NS",0.196839081086843,0.110368498121315,0.486146956010553,"NS",0.379564110363769,0.00506118309845062,0.0550775807772568,"NS",-0.0174165457184325,0.901368734941987,0.939524356823762,"NS"
"Anthranilic Acid",-0.0538789291813353,0.653068601756831,0.827385799957828,"NS",-0.18248000589493,0.17827363091605,0.299195296058973,"NS",0.0866712235133288,0.524293729074777,0.801606114701106,"NS",0.0549968073271836,0.658466502405594,0.870116449607392,"NS",0.0488316304738685,0.728418596333105,0.904412351151842,"NS",0.0970004837929366,0.488479660641677,0.806863725167057,"NS"
"Arabitol/Xylitol",0.272192298451455,0.0207190440956166,0.123645908312551,"NS",0.224588147356356,0.0960942257128295,0.18783986917324,"NS",0.0560492139439508,0.680818586433767,0.938331380836341,"NS",-0.0193765964857385,0.876321461271747,0.959286806717593,"NS",-0.023468215471339,0.867527339904984,0.918769858520754,"NS",0.0415255603934849,0.767257892774968,0.8856754033261,"NS"
"Arginine",-0.0890586060087783,0.456911692380208,0.665580024333375,"NS",-0.24007109222813,0.0747212600664931,0.151905858376936,"NS",0.216062884483937,0.109669800252634,0.422685688473695,"NS",0.180375958429032,0.144107039603247,0.503015138237748,"NS",0.421419793627085,0.00167454934842231,0.0344212921620143,"NS",-0.0834542815674891,0.551392445365135,0.854643021501925,"NS"
"Argininosuccinate",0.252110298288074,0.0326446074678819,0.147196840919116,"NS",0.563059677301568,6.25936436249367e-06,0.000138316335200504,"SIG",-0.138072453861928,0.309280181364497,0.628756412664087,"NS",-0.042943806011647,0.730053483170091,0.911688697373292,"NS",0.326175936336187,0.0171458550797876,0.121999353452335,"NS",-0.286566682793098,0.0378606487438527,0.504923241573564,"NS"
"Asparagine",0.0674491518698005,0.573468784565814,0.7702546926493,"NS",0.122701483641655,0.367633594344657,0.496439525209939,"NS",-0.254203691045796,0.0589202774759195,0.358764919843155,"NS",-0.404015007672771,0.000697531496145407,0.0645216633934502,"NS",-0.203794434694411,0.143281915200338,0.446291344918755,"NS",-0.291807772939848,0.0343751404199332,0.504923241573564,"NS"
"Aspartic Acid",-0.434954578398532,0.000134513371431067,0.0112947586548764,"NS",-0.591427986890029,1.58824826219793e-06,7.34564821266543e-05,"SIG",-0.00300751879699248,0.982589970154447,0.99859908483962,"NS",0.146791188207098,0.235875203611538,0.681826760439602,"NS",-0.132704290577623,0.343504656636501,0.655137747193326,"NS",0.299709724238026,0.0296289748837306,0.504923241573564,"NS"
"Azelaic Acid",-0.32246965194296,0.0057348060497487,0.062447307111052,"NS",-0.343495796824133,0.00954479725668357,0.0339574517785858,"NS",0.0252221462747779,0.853322172470477,0.956938905505915,"NS",0.286478289546098,0.0187588185571248,0.240760898830607,"NS",0.0496784217537622,0.723894549767883,0.904412351151842,"NS",0.196500564425093,0.158111049351565,0.600227177937874,"NS"
"betaAlanine",0.150397941976189,0.207301360232506,0.399486996281391,"NS",0.0362635861124781,0.790748740293004,0.850514633454685,"NS",0.16596035543404,0.220904905322003,0.563896151193717,"NS",0.182331577847778,0.139736680478081,0.503015138237748,"NS",0.011209903610021,0.936503067430251,0.967894231701656,"NS",0.154894371875504,0.267252404483455,0.690572857004498,"NS"
"Betaine",-0.291052335434357,0.013123819034799,0.0979781888408798,"NS",-0.380272063230378,0.00384042796681532,0.0173602818062104,"NS",0.162200956937799,0.231654635084986,0.563896151193717,"NS",0.0704022990748562,0.571308061846703,0.808508572489659,"NS",0.211334909424893,0.12874499357297,0.439549908971506,"NS",-0.0804708917916465,0.565753152000287,0.854643021501925,"NS"
"Biopterin",-0.0831256531983,0.487555004215928,0.698163803069037,"NS",-0.294586096798726,0.02753002675365,0.072757927848932,"NS",0.245864661654135,0.0679551682558662,0.36395321246415,"NS",-0.0663314178358339,0.593814638698615,0.823685999052541,"NS",0.0390330456636703,0.781400335970617,0.91250861953551,"NS",-0.119980648282535,0.391049137321006,0.736980623586167,"NS"
"Cadaverine",-0.265278559404014,0.0243170650747666,0.127419963377755,"NS",-0.32421901777848,0.0147786636746749,0.0463398776239806,"NS",0.06473000683527,0.634653683905845,0.918916573906223,"NS",0.00776261177441016,0.950288188303004,0.977472170726313,"NS",0.162100045008218,0.246189196832266,0.545882393868819,"NS",-0.113046282857604,0.419159292952983,0.757058303732509,"NS"
"cAMP",0.191140766967387,0.107755235027009,0.265796246399956,"NS",0.368377880414975,0.00521434706411471,0.0224338187642144,"NS",0.063568010936432,0.640758043426501,0.918916573906223,"NS",-0.0391522989753027,0.753091954621485,0.911688697373292,"NS",0.0018951995311906,0.989254203973079,0.989254203973079,"NS",-0.121673923560716,0.384359126173688,0.736980623586167,"NS"
"Carnitine",0.339335959526136,0.00354524840286016,0.0596246322299209,"NS",0.338608244690217,0.0106905091636877,0.0359589853687676,"NS",0.163226247436774,0.228687486328683,0.563896151193717,"NS",-0.104007024596981,0.402262187448573,0.752267930554635,"NS",0.0309683668075401,0.825770014361645,0.91250861953551,"NS",-0.164570230607966,0.238227236891439,0.657791624252481,"NS"
"Carnosine",0.266998954934423,0.0233755639153124,0.127190568362729,"NS",0.391140885458246,0.00287538801073846,0.0147762994996282,"NS",-0.0347915242652085,0.798608463388106,0.956938905505915,"NS",0.100215517560637,0.419726168511227,0.752267930554635,"NS",0.359886293954811,0.0081240753701273,0.0791028391301869,"NS",-0.154410578938881,0.268763490293642,0.690572857004498,"NS"
"cGMP",0.275166814088144,0.0193168354705213,0.123228088346429,"NS",0.454508169767892,0.000433341646033819,0.00381753354839317,"SIG",-0.010457963089542,0.939018347998988,0.987036331703482,"NS",-0.0972421778321355,0.433720940894302,0.756965793070244,"NS",0.0943970660110043,0.50136868020532,0.748283696720698,"NS",-0.274875020158039,0.0467019289177979,0.504923241573564,"NS"
"Cholecalciferol",-0.31243669109272,0.00754092896708382,0.0664319932814527,"NS",-0.467906214778346,0.000276551263042501,0.00255809918314314,"SIG",0.152494873547505,0.261072185670599,0.571979792249607,"NS",-0.046016922241105,0.711552165087856,0.895490820008527,"NS",0.0320974218473983,0.819522239831026,0.91250861953551,"NS",-0.1171585228189,0.402351583687583,0.736980623586167,"NS"
"Cholesteryl Sulfate",-0.205225500468685,0.0837413197057675,0.227825649199515,"NS",-0.180976143699879,0.181939115036816,0.300524431087599,"NS",0.0142857142857143,0.916694210739974,0.981131457590031,"NS",0.218590358295344,0.0755473672434049,0.394079909097691,"NS",-0.0364926718239893,0.795309612632983,0.91250861953551,"NS",0.24141267537494,0.0817167024442955,0.504923241573564,"NS"
"Choline",-0.262561299173741,0.0258695411762571,0.127419963377755,"NS",-0.606671680958045,7.19034567954893e-07,4.43404650238851e-05,"SIG",0.344839371155161,0.00956835048896399,0.252877834351191,"NS",0.0375558749599998,0.762858321878983,0.911688697373292,"NS",-0.0641948436947966,0.64790604025999,0.874909616409475,"NS",0.0634575068537333,0.650818853932992,0.866197755234558,"NS"
"Citraconic Acid",-0.0742503416769341,0.535346632461493,0.739097962726688,"NS",-0.153428122581446,0.258916804484069,0.389427714061404,"NS",0.295352016404648,0.0274817576318527,0.304355835276061,"NS",0.131744891862869,0.287906704118189,0.691432363079293,"NS",0.24274683356952,0.0798797246748179,0.329882987703908,"NS",-0.0188679245283019,0.893176845459244,0.938850661420228,"NS"
"Citrulline",0.0421577297264879,0.72512629652426,0.865473321657988,"NS",-0.169765534609499,0.210986080360381,0.3364864212644,"NS",0.18714969241285,0.166836365648789,0.544551400836233,"NS",0.0809985634764289,0.514661352237129,0.796588841655279,"NS",-0.125204139241422,0.371703427198737,0.669855699143967,"NS",0.211659409772617,0.127961313537384,0.562676220268479,"NS"
"Creatine",-0.234488302948551,0.0474106864673176,0.172832410093243,"NS",-0.271173696716683,0.0432217334902674,0.0987163048851786,"NS",0.0643882433356118,0.636446583796346,0.918916573906223,"NS",0.175786239385036,0.154764855209005,0.514743159345415,"NS",-0.00616947932493963,0.965028849343906,0.975575612724714,"NS",0.118690533784873,0.396192388205447,0.736980623586167,"NS"
"Cystathionine",0.0246965190159746,0.836852827539959,0.921534363660074,"NS",0.0927267757993902,0.496681920185718,0.620852400232147,"NS",-0.141763499658237,0.296427314540584,0.621551547672721,"NS",-0.311901341989796,0.0101868666527905,0.153659196025652,"NS",-0.225327127240279,0.104754470646998,0.396436427676553,"NS",-0.155378164812127,0.265747040490414,0.690572857004498,"NS"
"Cysteinyl-Glycine (Cys-Gly)",0.263783262354218,0.025161311100271,0.127419963377755,"NS",0.359833208852186,0.00645145015312019,0.0265226284072719,"NS",0.0302802460697198,0.824298586387325,0.956938905505915,"NS",0.0481521393615725,0.698793601450377,0.891489230976622,"NS",0.174439003658097,0.21157096076345,0.509351186266511,"NS",-0.125060474117078,0.371186169774847,0.736980623586167,"NS"
"Cystine",-0.10225902405052,0.392687116313269,0.610479970739116,"NS",-0.259108620470025,0.053813820476415,0.114431687219963,"NS",0.0301435406698565,0.825080106500042,0.956938905505915,"NS",-0.159821999232008,0.196390797902482,0.586004800192889,"NS",-0.489888917115631,0.000196706453140635,0.00856738015360027,"SIG",0.179809708111595,0.197060100606522,0.637898285147418,"NS"
"Cytidine",0.173583085479467,0.144780256862109,0.311445901389421,"NS",0.0751589310662953,0.581954427500784,0.694590768307388,"NS",0.210116199589884,0.119976056199867,0.427844163303447,"NS",-0.223698915144313,0.0687998342322574,0.394079909097691,"NS",-0.161535517488288,0.247860113972869,0.545882393868819,"NS",-0.0591033704241251,0.673385451335477,0.875566489330409,"NS"
"D-Leucic Acid",-0.155993247065746,0.190701218021723,0.384254166349195,"NS",-0.275616925929334,0.0397807414531688,0.0958847236437306,"NS",0.12323991797676,0.364504229922255,0.679294833950821,"NS",0.188837005710137,0.125914191168415,0.500226307024094,"NS",0.00818564903897218,0.953611331167403,0.969330199263569,"NS",0.23326882760845,0.092803047889189,0.504957760573528,"NS"
"DCDP",0.184194870994144,0.121411346902789,0.280027298155799,"NS",0.00492173082016668,0.9712820705696,0.97656077747487,"NS",0.0353383458646617,0.795508385595618,0.956938905505915,"NS",-0.074932152218278,0.546740378297522,0.796588841655279,"NS",-0.242464569809555,0.0802418078198695,0.329882987703908,"NS",0.17803580067731,0.201571288563594,0.637898285147418,"NS"
"Deoxycarnitine",-0.121167296422125,0.310637040263019,0.527228004116133,"NS",-0.195433727984118,0.148888905903709,0.264850457617174,"NS",0.0360218728639781,0.791637734436647,0.956938905505915,"NS",-0.199632823113623,0.105304684627006,0.482247074068045,"NS",-0.368959057667958,0.00655468224899001,0.067367567559064,"NS",0.16819867763264,0.227925923574333,0.657791624252481,"NS"
"Deoxyguanosine",0.046032639285635,0.701002550056753,0.857383187678201,"NS",-0.0585139108619816,0.668382262510677,0.744883846773948,"NS",0.0345864661654135,0.799771797338335,0.956938905505915,"NS",0.225115741457895,0.0670167314264346,0.394079909097691,"NS",0.210125207596473,0.13099903604957,0.439549908971506,"NS",0.210853088211579,0.129446039560158,0.562676220268479,"NS"
"DHAP/D-GA3P",-0.256692660214866,0.0295103098045417,0.13998480291898,"NS",-0.0575910863332003,0.673315439533939,0.745888361160352,"NS",-0.298222829801777,0.0259597878230244,0.304355835276061,"NS",0.0061661877591073,0.960502479831282,0.981729053971199,"NS",-0.355329750401098,0.00902862339694766,0.0795378727826342,"NS",0.219480728914691,0.114223648404432,0.562676220268479,"NS"
"Dimethylarginine (A/SDMA)",0.0825468285338631,0.490601591345809,0.698163803069037,"NS",0.0135689384417095,0.920935829672643,0.94331730956395,"NS",-0.0313055365686945,0.81844267197444,0.956938905505915,"NS",0.00890006388531345,0.943015273548057,0.977472170726313,"NS",0.0479041924054136,0.733384052638947,0.904506998254702,"NS",-0.0525721657797129,0.707775821592609,0.875566489330409,"NS"
"Dimethylglycine",0.065230323989459,0.586172458167388,0.776175074845973,"NS",0.273258596578004,0.0415778493870923,0.0978013935613648,"NS",-0.256732740943267,0.0563817286941185,0.358764919843155,"NS",-0.106900543124718,0.389225539216905,0.752267930554635,"NS",0.0907276371314651,0.518219918582307,0.765269741942222,"NS",-0.243670375745847,0.0788369143363109,0.504923241573564,"NS"
"Ergocalciferol",-0.209711391618071,0.0770551446948512,0.222563103473762,"NS",-0.380374599289132,0.00383012888617931,0.0173602818062104,"NS",0.122556390977444,0.367186396730173,0.679294833950821,"NS",0.168941571419425,0.171729127091452,0.557366465121381,"NS",0.0454041419600132,0.746822692800598,0.90896183005336,"NS",0.0743428479277536,0.595789311208538,0.854643021501925,"NS"
"Erythrose-4-Phosphate",0.0925958678470038,0.439158373645148,0.64995439299482,"NS",0.38594572514807,0.00330592931404101,0.0165296465702051,"NS",-0.150580997949419,0.267158687975951,0.574701828785476,"NS",0.101512612073071,0.413703243793093,0.752267930554635,"NS",0.0943567426167237,0.501552315639819,0.748283696720698,"NS",-0.0741815836155459,0.596589248429175,0.854643021501925,"NS"
"Ethanolamine",0.025612991401333,0.830886457975928,0.920443082188902,"NS",-0.154282589737725,0.256241843582668,0.389427714061404,"NS",0.114490772385509,0.399738140911655,0.696036854529327,"NS",0.0381146233653558,0.759435809836432,0.911688697373292,"NS",-0.251093776185615,0.0697427161083101,0.314692743415545,"NS",0.255845831317529,0.0646695283666928,0.504923241573564,"NS"
"FAD",0.0205965109762132,0.863652401401467,0.925205039924777,"NS",0.0970674689532872,0.476658949167123,0.599876908815767,"NS",-0.0223513328776487,0.869884547709153,0.956938905505915,"NS",0.0656928482297127,0.597380717083297,0.823685999052541,"NS",0.396499935961643,0.00329012173487704,0.0468209631501733,"NS",-0.20690211256249,0.136910804398568,0.562855529194112,"NS"
"Fructose",0.0228474957823567,0.848917891907509,0.922969018610022,"NS",-0.121231800132856,0.373442772897403,0.500629804246518,"NS",0.230963773069036,0.0868493447897612,0.398071812493083,"NS",0.114962484401997,0.354250604347849,0.738813414397732,"NS",0.107098935209409,0.445284880061859,0.716327850534296,"NS",0.0648282535074988,0.643777647335687,0.864143604958242,"NS"
"G1P/F1P/F6P",0.0687836642905855,0.565890206420733,0.769777119028203,"NS",0.379280881329094,0.00394125316681534,0.0173602818062104,"NS",-0.165823650034176,0.22128956336851,0.563896151193717,"NS",0.0995370373541334,0.422896566365849,0.752267930554635,"NS",0.089114701360239,0.525715882489433,0.765269741942222,"NS",-0.079664570230608,0.569664351297185,0.854643021501925,"NS"
"G6P",0.033282418205122,0.781361679269654,0.903449441655538,"NS",0.346640235959239,0.00886530888858971,0.0331308122068649,"NS",-0.118181818181818,0.384635903596046,0.690850894808431,"NS",0.0995569926543247,0.422803124316256,0.752267930554635,"NS",0.10278433202138,0.463935845008912,0.72735704514109,"NS",-0.101112723754233,0.470159558688063,0.805365910715664,"NS"
"gamma-Aminobutyrate",-0.0150012058866565,0.900469157557701,0.946515875841902,"NS",-0.0856176090591495,0.530392784312282,0.649818974157431,"NS",-0.187901572112098,0.165115247424065,0.544551400836233,"NS",-0.238765166788734,0.0516737620030169,0.367678691175313,"NS",-0.487671130430195,0.00021236799477681,0.00856738015360027,"SIG",0.172149653281729,0.217066416950723,0.647698179611029,"NS"
"Glucoronate",0.0135380657626632,0.910134436775764,0.951270456517041,"NS",0.18692323510758,0.167756325532422,0.290045983397178,"NS",-0.0980177717019822,0.471268614112986,0.758127770529587,"NS",-0.189954502520849,0.123648319873636,0.500226307024094,"NS",0.0358474975154989,0.798852388425426,0.91250861953551,"NS",-0.0693436542493146,0.620806080591413,0.854643021501925,"NS"
"Glucosamine",0.155848540899637,0.191118095192697,0.384254166349195,"NS",0.438717616719857,0.000718961539451171,0.00492621795549877,"SIG",-0.223786739576213,0.0973220518701281,0.398071812493083,"NS",-0.141922094960424,0.251947923518662,0.685741122197436,"NS",0.0332668002815372,0.813063032654829,0.91250861953551,"NS",-0.209885502338333,0.131244927277715,0.562676220268479,"NS"
"Glucose",-0.040260471104167,0.737037725608706,0.868483944188603,"NS",0.240310343031888,0.0744234085517436,0.151905858376936,"NS",-0.253041695146958,0.0601173649466909,0.358764919843155,"NS",-0.224477171851774,0.0678157288964607,0.394079909097691,"NS",-0.103147242569906,0.462351000660567,0.72735704514109,"NS",-0.10627318174488,0.447704868847714,0.790644071209634,"NS"
"Glutamic acid",-0.155141088531992,0.193165607948514,0.384254166349195,"NS",-0.316528813371969,0.0174670904189195,0.0504908082421893,"NS",0.037593984962406,0.7827544465927,0.956938905505915,"NS",-0.226612388972241,0.065173721498911,0.394079909097691,"NS",-0.466420701644292,0.000431194217853533,0.0113958471861291,"NS",0.128850185453959,0.356774319880352,0.736980623586167,"NS"
"Glutamine",0.11967199937233,0.316690135294442,0.527816892157403,"NS",0.0590949485282513,0.665283297422505,0.744883846773948,"NS",-0.000341763499658237,0.998198823957031,0.99859908483962,"NS",0.0310304917974494,0.803147608106626,0.911688697373292,"NS",0.174842237600903,0.210500471916094,0.509351186266511,"NS",-0.196097403644573,0.158979090372734,0.600227177937874,"NS"
"Glutaric Acid",-0.359996784353953,0.00189595613999252,0.0472694380306156,"NS",-0.428634904275766,0.000980997977144049,0.00625809054384997,"SIG",0.096308954203691,0.479064340055665,0.763450134587151,"NS",0.24553001355358,0.0452096125856698,0.334551133133957,"NS",0.0956470912337045,0.495693163169221,0.748283696720698,"NS",0.126269956458636,0.366548747116396,0.736980623586167,"NS"
"Glyceraldehyde",0.0616448267625304,0.60696620193804,0.7963740947414,"NS",0.394251145907101,0.00264213106364359,0.0139655499078304,"NS",-0.392002734107997,0.00300066134115144,0.138780587028254,"NS",-0.190972222830605,0.121611927007498,0.500226307024094,"NS",-0.118954013127921,0.396233970985991,0.682607748083457,"NS",-0.0616029672633446,0.660393804716026,0.866474140939467,"NS"
"Glycerol-3-P",-0.382876437062112,0.000902073808268768,0.0333767309059444,"NS",-0.146831636134973,0.280199720556307,0.418039905668684,"NS",-0.355775803144224,0.00741535203008089,0.228640020927494,"NS",-0.0902977333655681,0.467412301420195,0.786102506933965,"NS",-0.26625537243514,0.0539681906319774,0.269840953159887,"NS",0.0467666505402354,0.738844964149196,0.87573888849661,"NS"
"Glycerophosphocholine",0.268590722761625,0.0225322066526843,0.12631691608323,"NS",0.0184223118893739,0.892800059748961,0.924565708773952,"NS",0.302255639097744,0.0239425919069878,0.304355835276061,"NS",-0.000578703705547287,0.996291646058913,0.996291646058913,"NS",-0.179156840788933,0.199283717612755,0.509351186266511,"NS",0.131188517980971,0.34805635999277,0.736980623586167,"NS"
"Glycine",-0.124013184355607,0.299324437649935,0.517523560422785,"NS",-0.318135211625774,0.0168734595888596,0.0495490479990322,"NS",-0.00300751879699248,0.982589970154447,0.99859908483962,"NS",-0.246507823262953,0.0443328856027642,0.334551133133957,"NS",-0.479767745151187,0.000277860977954604,0.00856738015360027,"SIG",0.299225931301403,0.0299028273200015,0.504923241573564,"NS"
"GMP",0.179708979844758,0.130910673261407,0.295347250650736,"NS",0.287716180862244,0.0315391826589581,0.0788479566473952,"NS",-0.0954887218045113,0.48283062565782,0.763450134587151,"NS",0.127973340126716,0.302051091347358,0.698493148740765,"NS",0.386781997940006,0.00422391095382045,0.0550775807772568,"NS",-0.0972423802612482,0.487391694854466,0.806863725167057,"NS"
"Guanine",0.0527855937040655,0.659669926054207,0.827385799957828,"NS",-0.0320596077035857,0.81454923638117,0.866043728336301,"NS",0.00758714969241285,0.955793255152594,0.992375295892611,"NS",0.218869732498022,0.075165216135313,0.394079909097691,"NS",0.244319445946465,0.0778859283794256,0.329882987703908,"NS",0.201499758103532,0.147637121987748,0.593757990602898,"NS"
"Guanosine",0.205498834338002,0.0833211906539366,0.227825649199515,"NS",0.214813043088525,0.111861991530373,0.211168045235909,"NS",-0.026930963773069,0.84349311695196,0.956938905505915,"NS",0.0235272989255259,0.850107538017182,0.956099747001899,"NS",0.317748346931531,0.020420760983157,0.134922885067288,"NS",-0.272133526850508,0.0490037804043221,0.504923241573564,"NS"
"Histamine",-0.24561459927606,0.0375617014982264,0.147849250578125,"NS",-0.530213959814206,2.63558656740323e-05,0.000375064242284306,"SIG",0.154477101845523,0.254867993786557,0.571979792249607,"NS",0.101213282570201,0.415088696152353,0.752267930554635,"NS",-0.175124501360868,0.209753395705721,0.509351186266511,"NS",0.249395258829221,0.0718954408907858,0.504923241573564,"NS"
"Histidine",0.0110619824759053,0.926520013562783,0.962956193871432,"NS",0.275446032498078,0.0399087768679311,0.0958847236437306,"NS",-0.302597402597403,0.0237779278677086,0.304355835276061,"NS",-0.36224856437241,0.00259225300870559,0.081427915634138,"NS",-0.164398478482215,0.239465354678986,0.545882393868819,"NS",-0.248911465892598,0.0724624369767566,0.504923241573564,"NS"
"Homoarginine",0.0650213039717457,0.587375732315871,0.776175074845973,"NS",0.18278761407119,0.177530499984688,0.299195296058973,"NS",-0.116336295283664,0.392143851301597,0.696036854529327,"NS",-0.0110951469063549,0.928993450186618,0.977472170726313,"NS",-0.147583623067183,0.29161135291987,0.586392394458434,"NS",0.0199967747137558,0.886813028059064,0.938448672834243,"NS"
"Homocitrulline",-0.355977168628697,0.00214845654253219,0.0472694380306156,"NS",-0.138662930120946,0.30811345987983,0.44186814013774,"NS",-0.40123034859877,0.00234645523437939,0.138780587028254,"NS",-0.114683110199319,0.355429156115666,0.738813414397732,"NS",-0.284642840227116,0.0388507236810463,0.224605746281049,"NS",0.0273343009192066,0.845639574935681,0.920254831547653,"NS"
"Hydrocinnamic Acid",-0.325154755247431,0.00532142373990023,0.062447307111052,"NS",-0.545150045705962,1.39667603394114e-05,0.000234895514799192,"SIG",0.250717703349282,0.0625707204077194,0.360334111415099,"NS",-0.0473539273539211,0.703553663365334,0.891489230976622,"NS",0.0899614926401327,0.521773804289569,0.765269741942222,"NS",-0.0389453313981616,0.781361665488266,0.89229572910697,"NS"
"Hypotaurine",0.226497306886741,0.0557222587745941,0.184082462023213,"NS",0.130699296224426,0.336989212521792,0.472295487246451,"NS",0.269993164730007,0.0444894342922038,0.358764919843155,"NS",0.0336645914226991,0.786815990930573,0.911688697373292,"NS",-0.0245569471169165,0.86144067694169,0.918769858520754,"NS",0.0152394775036284,0.913675590068336,0.939524356823762,"NS"
"Hypoxanthine",-0.147712838671718,0.215621685765339,0.40704093741416,"NS",-0.507519312143437,6.54328336849619e-05,0.000864648159408424,"SIG",0.179015721120984,0.1863061174286,0.563896151193717,"NS",-0.282786559010711,0.0204116804753538,0.240760898830607,"NS",-0.717191890675661,1.52715200877206e-09,2.8252312162283e-07,"SIG",0.170053217223029,0.222782394734969,0.65420227025348,"NS"
"Imidazoleacetic Acid",0.0528016721669666,0.659572658096459,0.827385799957828,"NS",0.196048944336639,0.147588699101205,0.264850457617174,"NS",-0.226862611073137,0.0927188525945695,0.398071812493083,"NS",-0.0884818010481611,0.476450303458392,0.786993804819666,"NS",-0.381620603472082,0.00480896062506152,0.0550775807772568,"NS",0.152072246411869,0.276147829929064,0.699826692285983,"NS"
"IMP",0.231385159608653,0.0505082632486427,0.174793924407739,"NS",0.345375624567946,0.00913335904081139,0.0331308122068649,"NS",-0.0514695830485304,0.70566754879887,0.946003598027471,"NS",0.135376756497683,0.274705322766029,0.685741122197436,"NS",0.482550059356552,0.000252960788764807,0.00856738015360027,"SIG",-0.186340912756007,0.181074052017604,0.632050936287863,"NS"
"Indole-2-Carboxylic Acid",0.0222043572663157,0.853122714498993,0.922969018610022,"NS",-0.154009160247716,0.257095793418622,0.389427714061404,"NS",0.152973342447027,0.259565345423554,0.571979792249607,"NS",0.116818327319787,0.346482986252057,0.738813414397732,"NS",0.227020709800066,0.102101728151496,0.396436427676553,"NS",-0.0718432510885341,0.608241647384299,0.854643021501925,"NS"
"Indole-3-Carboxylic Acid",-0.0549240292699019,0.64678324741521,0.827385799957828,"NS",-0.123043270504167,0.366290505874653,0.496439525209939,"NS",0.102939166097061,0.449204648160208,0.733396568657352,"NS",0.0973419543330919,0.433247087591572,0.756965793070244,"NS",0.219923792406671,0.11357367928031,0.396436427676553,"NS",-0.102564102564103,0.463783415956096,0.805365910715664,"NS"
"Inosine",-0.056258541690687,0.638793086143746,0.827385799957828,"NS",-0.113063094118829,0.406726033565201,0.529889550771565,"NS",0.221326042378674,0.101131757768513,0.398071812493083,"NS",-0.129948914845653,0.294586765328431,0.691432363079293,"NS",-0.205931574591285,0.139043194970601,0.443499846026916,"NS",-0.106031285276568,0.448743932308171,0.790644071209634,"NS"
"iso-Leucine /allo-isoLeucine",-0.000144706166109226,0.999037446191318,0.999037446191318,"NS",-0.0873265433717073,0.522187372755733,0.644031093065404,"NS",0.014149008885851,0.917490498178786,0.981131457590031,"NS",-0.387831259217639,0.001183936101704,0.0730093929384132,"NS",-0.0774612404131308,0.581421978150771,0.814871711802218,"NS",-0.3075310433801,0.0254858275298302,0.504923241573564,"NS"
"isoValeric Acid /3-Oxobutanoic Acid/4-Oxobutanoic Acid",-0.0286196639638247,0.81138117507632,0.920443082188902,"NS",0.103253811164747,0.448881603373945,0.576688171001249,"NS",-0.182775119617225,0.177112590622352,0.55535303839212,"NS",-0.138789112830392,0.262675454301728,0.685741122197436,"NS",-0.177422934834865,0.203739331878732,0.509351186266511,"NS",-0.0364457345589421,0.79509214160589,0.896902720713961,"NS"
"Kynurenic Acid",0.221271806443908,0.0617732190218455,0.195160488715661,"NS",0.502255794460759,8.00671037824929e-05,0.000987494279984079,"SIG",-0.054066985645933,0.691534378712476,0.938331380836341,"NS",0.162056992853432,0.190124708088673,0.586004800192889,"NS",0.248714695923056,0.0725215109518648,0.319439988716547,"NS",0.0168521206257055,0.904557294126144,0.939524356823762,"NS"
"L-2-Aminobutyric Acid",0.188085859016192,0.113607035105578,0.268034804202099,"NS",0.172431472137089,0.203800117076012,0.329025020495684,"NS",-0.0362952836637047,0.79009087553052,0.956938905505915,"NS",-0.00764287997326245,0.951054003949926,0.977472170726313,"NS",-0.158108028974433,0.258170158491214,0.561899756716171,"NS",0.274310595065312,0.0471684275464984,0.504923241573564,"NS"
"L-Kynurenine",0.19887450762278,0.0939839730122817,0.238178561743454,"NS",0.260509946606322,0.05248480438672,0.113803569455855,"NS",-0.0333561175666439,0.80676085528415,0.956938905505915,"NS",-0.18299010275409,0.138287679377677,0.503015138237748,"NS",-0.171576042664171,0.219281290019085,0.520090239147829,"NS",-0.235203999354943,0.0900673890374466,0.504923241573564,"NS"
"Lactate",-0.106246482849974,0.374395001123533,0.594178724781597,"NS",0.0108688222278681,0.936632809439689,0.952071811793091,"NS",0.0616541353383459,0.650864190207435,0.919159352583019,"NS",0.0999760539583417,0.420843571185791,0.752267930554635,"NS",0.116332992499679,0.406796688810024,0.688686292682731,"NS",0.0019351717464925,0.989217774440022,0.989217774440022,"NS"
"Lactose/Trehalose",-0.052415789057342,0.661908639966262,0.827385799957828,"NS",0.0204730330644433,0.880948985521468,0.920765888821873,"NS",-0.158783321941217,0.241737981349649,0.571979792249607,"NS",-0.217911878088841,0.0764818978031224,0.394079909097691,"NS",-0.114841026911294,0.412881389579687,0.688686292682731,"NS",-0.0542654410578939,0.698800282097943,0.875566489330409,"NS"
"Leucine /D-Norleucine",0.0789452528440334,0.509780903981564,0.713189235066865,"NS",0.126016816208018,0.354731531246765,0.491923868505605,"NS",-0.128913192071087,0.342707410499248,0.664977992992393,"NS",-0.37294460527494,0.00188230061418821,0.081427915634138,"NS",-0.193511969152845,0.165027888169335,0.492421924376241,"NS",-0.210933720367683,0.129296981215482,0.562676220268479,"NS"
"Linoleic Acid",0.0425918482248156,0.7224098062847,0.865473321657988,"NS",-0.189076492341403,0.16282559886902,0.284176752743101,"NS",0.208680792891319,0.122571571108555,0.427844163303447,"NS",0.0326269158127522,0.79323915374372,0.911688697373292,"NS",-0.0575818070327698,0.682139003804479,0.879476102424857,"NS",0.0728108369617804,0.603407930481049,0.854643021501925,"NS"
"Linolenic Acid",0.0407910603799008,0.733700192931388,0.868483944188603,"NS",-0.0662382939547432,0.627651188304163,0.73028597381302,"NS",0.0275461380724539,0.839960409883167,0.956938905505915,"NS",-0.251376916509627,0.0401732511080728,0.323132671956238,"NS",-0.141010909799437,0.313867739684328,0.611216124648428,"NS",-0.119980648282535,0.391049137321006,0.736980623586167,"NS"
"Lysine",-0.135621834570147,0.255995731738774,0.459798158948284,"NS",-0.446852144047633,0.00055559563522772,0.00428271635488034,"SIG",0.255434039644566,0.0576739496303107,0.358764919843155,"NS",-0.101871807476514,0.41204423511251,0.752267930554635,"NS",-0.524486389408429,5.54784280602934e-05,0.00513175459557714,"SIG",0.0486211901306241,0.728871910265895,0.87573888849661,"NS"
"Maleic Acid",-0.208778840769811,0.078408851194942,0.222563103473762,"NS",-0.331328184518721,0.0126167325084808,0.040243026104637,"NS",0.173137388926863,0.201365328599497,0.563896151193717,"NS",0.0665908367383206,0.592368642137327,0.823685999052541,"NS",0.188552191656325,0.176339326656525,0.501888852791648,"NS",-0.159651669085631,0.252697614173195,0.687486156206487,"NS"
"Margaric Acid",-0.104268831913148,0.383401960976193,0.601096294750811,"NS",0.0596759861945209,0.662189879924798,0.744883846773948,"NS",-0.277375256322625,0.0388208546645218,0.358764919843155,"NS",0.00526819925049944,0.96625090839846,0.982178121174259,"NS",0.0293957544305947,0.834490060574922,0.91250861953551,"NS",-0.0694242864054185,0.62039905680269,0.854643021501925,"NS"
"Methionine",0.228860840933192,0.0531487293334851,0.178772998667177,"NS",0.338642423376468,0.0106821019268957,0.0359589853687676,"NS",0.0231715652768284,0.865146410721161,0.956938905505915,"NS",-0.129769317143931,0.295260306396022,0.691432363079293,"NS",-0.224762599720349,0.105650416064022,0.396436427676553,"NS",-0.0469279148524431,0.737976007005032,0.87573888849661,"NS"
"Myristic Acid",0.220885923334283,0.0622403720768863,0.195160488715661,"NS",0.0609405975858138,0.655476539818322,0.744883846773948,"NS",0.152221462747779,0.261935890603794,0.571979792249607,"NS",0.123882503587502,0.317894918089534,0.708560962006792,"NS",0.143551283639118,0.305140354281607,0.600542186618055,"NS",0.06192549588776,0.658724629780746,0.866474140939467,"NS"
"N-Ac-Alanine",0.297274700577054,0.0112151172487533,0.0943089405008798,"NS",0.264201244721447,0.0491112285434077,0.109464786512415,"NS",0.0846206425153793,0.534185900326978,0.810035996397466,"NS",0.0794220947613173,0.522904839531483,0.796588841655279,"NS",0.153470838632158,0.272572312461158,0.573021338696752,"NS",0.180616029672633,0.19503362555182,0.637898285147418,"NS"
"N-Ac-Arginine",0.00553099123795265,0.963221797540826,0.968456698614418,"NS",-0.0729031377737189,0.593366566575558,0.698225250034447,"NS",0.0911825017088175,0.502859345351809,0.781756125126762,"NS",-0.11003352525475,0.375396971857797,0.752267930554635,"NS",-0.209036475950896,0.133052945418402,0.439549908971506,"NS",0.125463634897597,0.369636422466465,0.736980623586167,"NS"
"N-Ac-L-Glutamine",0.0363373261563168,0.761862227261642,0.886443471971093,"NS",0.21645362002858,0.109085528934821,0.208049720133421,"NS",-0.321326042378674,0.0161089635197584,0.29009469757846,"NS",-0.070182790772752,0.57251147565484,0.808508572489659,"NS",-0.0762515385847113,0.587354463753951,0.81699681048482,"NS",0.0724076761812611,0.6054199268892,0.854643021501925,"NS"
"N-Ac-Phenylalanine",-0.0223169065066229,0.852386572264597,0.922969018610022,"NS",0.119522865820298,0.380266630250778,0.506110263283409,"NS",-0.106766917293233,0.432448289333423,0.729292352530495,"NS",0.0160440613537938,0.897465949887909,0.976083067029299,"NS",0.270811915988853,0.0498382386470977,0.265522205747689,"NS",-0.0971617481051443,0.487754207906282,0.806863725167057,"NS"
"N-Acetyl-Aspartate (NAA)",-0.427060053114129,0.000183158248457456,0.0112947586548764,"NS",-0.486260169295217,0.000144954631257418,0.0016760379239139,"SIG",-0.000273410799726589,0.99859908483962,0.99859908483962,"NS",-0.134458812688883,0.278003157647609,0.685741122197436,"NS",-0.350208679327455,0.0101481605992103,0.085336805038814,"NS",0.112481857764877,0.421497325861883,0.757058303732509,"NS"
"N-AcetylGlycine",-0.243588712950531,0.0392159015995603,0.148060036651401,"NS",-0.206849409192005,0.126115167011904,0.228738293109825,"NS",-0.0547505126452495,0.687832309934438,0.938331380836341,"NS",0.0749121969180867,0.546847475082272,0.796588841655279,"NS",-0.054436582278879,0.698651374974604,0.885277427193847,"NS",0.135542654410579,0.332179339278454,0.736980623586167,"NS"
"n-Glycylproline",0.189918803786909,0.110067287783511,0.267926950525653,"NS",0.431745164724621,0.000892229795129622,0.00589508971782072,"SIG",-0.249145591250854,0.0642758144686393,0.360334111415099,"NS",-0.309566571867416,0.010797673234235,0.153659196025652,"NS",0.0273795847165621,0.845698419491584,0.914936886584462,"NS",-0.245847443960651,0.0761369567179993,0.504923241573564,"NS"
"N2,N2-Dimethylguanosine",0.152536377542026,0.200839990292667,0.393171236777649,"NS",0.0902317317030557,0.508385263226113,0.631216601992153,"NS",0.127341079972659,0.348664136866282,0.664977992992393,"NS",0.0756704983253556,0.54278494435304,0.796588841655279,"NS",0.0694368849512813,0.621270015206992,0.851370020839211,"NS",0.00749879051765844,0.957577628375767,0.966928582620106,"NS"
"N6-Acetyl-Lysine",0.177281131946703,0.136281714851063,0.300144252945794,"NS",0.0589240550969955,0.66619418388351,0.744883846773948,"NS",0.227887901572112,0.0912230540860991,0.398071812493083,"NS",-0.0411877395948138,0.740695774579828,0.911688697373292,"NS",-0.206173514956969,0.138569307149028,0.443499846026916,"NS",0.0438638929204967,0.754541009977962,0.883481562315968,"NS"
"N6-Trimethyllysine",-0.0299863333104119,0.802552107296371,0.920443082188902,"NS",-0.099835942539631,0.464116505665846,0.592148645159872,"NS",0.126247436773753,0.352845689157532,0.666086249940239,"NS",-0.136633940409734,0.270231223856383,0.685741122197436,"NS",-0.343353702299744,0.0118330619640064,0.090663879441687,"NS",0.0924850830511208,0.509021191111266,0.828441772819101,"NS"
"NAD",0.249055390336879,0.0348854196147583,0.147196840919116,"NS",0.572424637334385,4.03678642077619e-06,0.000124399559749731,"SIG",-0.242652084757348,0.0717202383807525,0.36395321246415,"NS",0.0720186783903503,0.56248296656014,0.806661618710279,"NS",0.396499935961643,0.00329012173487704,0.0468209631501733,"NS",-0.14497661667473,0.299376960125578,0.723461429079982,"NS"
"NADH",-0.0554546185456357,0.643601597356112,0.827385799957828,"NS",0.0338027207023947,0.804659214416207,0.860473726398834,"NS",-0.213123718386876,0.114674635984657,0.427844163303447,"NS",-0.201049649427204,0.102806389675586,0.482247074068045,"NS",0.0600012106896089,0.669536426251859,0.879476102424857,"NS",-0.165457184325109,0.235679962947097,0.657791624252481,"NS"
"Neopterin",-0.0452287161405837,0.70598421704889,0.857383187678201,"NS",0.0181147037131135,0.894579793894797,0.924565708773952,"NS",-0.174709501025291,0.197255336252285,0.563896151193717,"NS",-0.160001596933729,0.195881880196031,0.586004800192889,"NS",-0.0423798873889644,0.76317914501555,0.91250861953551,"NS",-0.101112723754233,0.470159558688063,0.805365910715664,"NS"
"Niacinamide",0.202347455609401,0.0882676030748568,0.229993050265472,"NS",0.0397498121100961,0.771153587556048,0.837604603636577,"NS",0.183253588516746,0.175966665501282,0.55535303839212,"NS",0.0532207856101591,0.668843230003287,0.87013322860426,"NS",0.178148755931917,0.201865707243033,0.509351186266511,"NS",-0.0427350427350427,0.76067230442326,0.885058970555366,"NS"
"Nicotinic Acid",-0.120009647093252,0.315316733937756,0.527816892157403,"NS",-0.352245540504429,0.00775775586985208,0.0311996703461442,"NS",0.010457963089542,0.939018347998987,0.987036331703482,"NS",-0.103847382195451,0.402988815456341,0.752267930554635,"NS",-0.355732984343904,0.00894520100172133,0.0795378727826342,"NS",0.236574746008708,0.0881683028543982,0.504923241573564,"NS"
"o-Phosphoethanolamine",0.0977088190495298,0.414195364390042,0.622976767578518,"NS",0.17215804264708,0.204529066794614,0.329025020495684,"NS",-0.162884483937116,0.229673578185574,0.563896151193717,"NS",-0.0761693808301377,0.540120261496127,0.796588841655279,"NS",-0.00850823619321739,0.951785325909625,0.969330199263569,"NS",0.0691017577810031,0.622027832909716,0.854643021501925,"NS"
"Ornithine",-0.0939143018048878,0.432641772544294,0.645473612263665,"NS",-0.0637090711721575,0.640874469333229,0.741011105166546,"NS",0.0240601503759399,0.860018785576628,0.956938905505915,"NS",0.35650143791732,0.00306511518666627,0.081427915634138,"NS",0.26875542288054,0.0516691859833341,0.265522205747689,"NS",0.210369295274956,0.130343129895792,0.562676220268479,"NS"
"Orotate",0.0377683093545081,0.752778084125526,0.88141737698242,"NS",0.158725818950375,0.242633238628091,0.377202934001654,"NS",-0.141011619958988,0.299016690502012,0.621551547672721,"NS",-0.0724377396943673,0.560205519837287,0.806661618710279,"NS",-0.0327829195501694,0.81573433798829,0.91250861953551,"NS",-0.0492662473794549,0.725413416777786,0.87573888849661,"NS"
"Oxalacetate",-0.293110378685688,0.0124635649600532,0.0979781888408798,"NS",-0.396301867082171,0.00249768125229852,0.013590324461036,"NS",0.0423103212576897,0.756274755600123,0.956938905505915,"NS",0.0324672734112219,0.794228561446061,0.911688697373292,"NS",0.166495294984809,0.233441887216546,0.543560611545746,"NS",-0.0902273826802129,0.519455381875761,0.828441772819101,"NS"
"Oxidized Glutathione",0.00935766540839663,0.937816558359484,0.963867018313914,"NS",0.125606671973004,0.35631242367433,0.491923868505605,"NS",-0.0198222829801777,0.884521907251413,0.956938905505915,"NS",0.1357958178017,0.273208500163091,0.685741122197436,"NS",0.341781089922799,0.012251875600228,0.090663879441687,"NS",-0.0151588453475246,0.914131806639337,0.939524356823762,"NS"
"Palmitic Acid",0.187651740517864,0.114458105578193,0.268034804202099,"NS",0.00840795681778474,0.950959952446827,0.961352957391601,"NS",0.224743677375256,0.0958711824773099,0.398071812493083,"NS",0.0311302682984058,0.802527405904317,0.911688697373292,"NS",0.220206056166636,0.113099365472967,0.396436427676553,"NS",-0.148685695855507,0.287080109191661,0.717700272979152,"NS"
"Pantothenate",0.00807138837631462,0.9463504898887,0.967264312869666,"NS",-0.207738055034535,0.124459731361893,0.227970795068814,"NS",0.1053998632946,0.43839163587203,0.730652726453383,"NS",0.0222900703136662,0.857905718931434,0.956099747001899,"NS",-0.0332264768872565,0.813285561299809,0.91250861953551,"NS",0.239558135784551,0.084144092680452,0.504923241573564,"NS"
"PEP",-0.0276710346526643,0.817523487205731,0.920443082188902,"NS",0.271993985186711,0.0425687022651023,0.098440123988049,"NS",-0.312235133287765,0.019514293216228,0.300845353750182,"NS",-0.0310105364972581,0.803271663091063,0.911688697373292,"NS",-0.200528239757678,0.149944692987581,0.454750298404959,"NS",0.0492662473794549,0.725413416777785,0.87573888849661,"NS"
"Phenylacetic Acid",-0.113771203487654,0.341310287552872,0.563771457118583,"NS",-0.218641055948654,0.105466342864508,0.203242431561812,"NS",0.0399863294600137,0.769289812350515,0.956938905505915,"NS",-0.0909762135720718,0.464059445475934,0.786102506933965,"NS",0.028669933333543,0.838521434167766,0.91250861953551,"NS",-0.122399612965651,0.381513066197369,0.736980623586167,"NS"
"Phenylalanine",0.234247126005035,0.0476456914311102,0.172832410093243,"NS",0.288160503783509,0.031265935676705,0.0788479566473952,"NS",0.00854408749145591,0.950199127402809,0.992375295892611,"NS",-0.3178480214468,0.00876496500702097,0.153659196025652,"NS",-0.0817355202068799,0.560681532332987,0.791802163981699,"NS",-0.289469440412837,0.0358956238915258,0.504923241573564,"NS"
"Phosphorylcholine",0.166154835619194,0.163042048137796,0.346698608109106,"NS",-0.0252238704533542,0.853597587016274,0.902374591988633,"NS",0.0816814764183185,0.548523703773736,0.825015326814156,"NS",-0.136973180512985,0.269032336962096,0.685741122197436,"NS",-0.148591707924199,0.288291204579312,0.586086514804095,"NS",0.0892597968069666,0.523959985559629,0.828483737850696,"NS"
"Phosphoserine",0.141715572009636,0.235048129747466,0.432108169539969,"NS",0.137808462964667,0.311133133759645,0.442766382657956,"NS",-0.0684894053315106,0.615072017575118,0.910306586011175,"NS",0.166367337694749,0.178448788041185,0.56919009978654,"NS",0.0998407242388922,0.476898513024901,0.741396847979888,"NS",0.172230285437833,0.216848650880411,0.647698179611029,"NS"
"Phosphotyrosine",0.290698609250535,0.0132402957893081,0.0979781888408798,"NS",0.340317179002775,0.0102770847940989,0.0358728431492133,"NS",0.13984962406015,0.303047433998393,0.622930836552252,"NS",-0.0534003833118807,0.667791044687309,0.87013322860426,"NS",0.189882863667586,0.173250972293902,0.500803591787061,"NS",-0.174568617964844,0.210600161603686,0.647698179611029,"NS"
"Pipecolate",0.0893640968038977,0.455363060236291,0.665580024333375,"NS",0.0593000206457582,0.664190867234173,0.744883846773948,"NS",-0.0351332877648667,0.796670547167406,0.956938905505915,"NS",0.07604964902899,0.540759201929907,0.796588841655279,"NS",-0.0589124790440313,0.675196672406941,0.879476102424857,"NS",0.127801967424609,0.360725650374571,0.736980623586167,"NS"
"Proline",0.331377120390128,0.00446306764242932,0.062447307111052,"NS",0.347118737566755,0.00876568008842903,0.0331308122068649,"NS",0.222351332877649,0.0995304915951062,0.398071812493083,"NS",0.175347222780828,0.155814145531585,0.514743159345415,"NS",0.40561302306907,0.00258529666729741,0.0434799894045474,"NS",-0.0687792291565876,0.623658421095999,0.854643021501925,"NS"
"Pseudouridine",0.108979821543148,0.362159199336156,0.582603929366859,"NS",-0.0801831979452154,0.556901646602124,0.673377807982961,"NS",0.209842788790157,0.120467164592772,0.427844163303447,"NS",0.0222900703136662,0.857905718931434,0.956099747001899,"NS",-0.109961896203336,0.433141625057545,0.709125669341998,"NS",0.074665376552169,0.594190873346543,0.854643021501925,"NS"
"Putrescine",0.149594018831138,0.209768202033528,0.400073375012398,"NS",-0.109166723886197,0.423188721609975,0.547481912572345,"NS",0.330622009569378,0.013167890789191,0.270673310666704,"NS",0.0799010219659082,0.52039350471133,0.796588841655279,"NS",-0.324361383593558,0.0178104143795705,0.122034320748909,"NS",0.311482019029189,0.0235862684997852,0.504923241573564,"NS"
"Pyridoxamine",-0.316488463743779,0.00675890067760551,0.0625198312678509,"NS",-0.309214574514222,0.0204000473695596,0.0563284890055004,"NS",-0.120574162679426,0.37503252311285,0.686940760157201,"NS",0.0571320244476511,0.646075784986222,0.866116088568486,"NS",0.26936027379475,0.0511250917567183,0.265522205747689,"NS",-0.197951943234962,0.155015145604997,0.600227177937874,"NS"
"Pyroglutamic Acid",0.203987458825306,0.0856653119949347,0.227937813527256,"NS",-0.0555745438443821,0.684142761630029,0.753371493461639,"NS",0.137047163362953,0.312913449179877,0.629228131503013,"NS",0.193765964857385,0.11615347065059,0.499730048147887,"NS",-0.181858508205737,0.192479660308319,0.509351186266511,"NS",0.392114175133043,0.00391946866854638,0.504923241573564,"NS"
"Pyruvate",0.252560495249303,0.032324809454424,0.147196840919116,"NS",0.561487457734015,6.72890279353803e-06,0.000138316335200504,"SIG",-0.198838004101162,0.141539924419002,0.484905296620656,"NS",-0.141403257155451,0.253703524685268,0.685741122197436,"NS",0.0382265777780573,0.785808858672382,0.91250861953551,"NS",-0.282051282051282,0.0410944463641474,0.504923241573564,"NS"
"Reduced Glutathione",0.0264651499350874,0.825347317445484,0.920443082188902,"NS",0.379622668191606,0.00390622508830539,0.0173602818062104,"NS",-0.331373889268626,0.0129517341661828,0.270673310666704,"NS",0.0886813540500739,0.475452565834578,0.786993804819666,"NS",0.382225454386292,0.00473690886242336,0.0550775807772568,"NS",-0.164812127076278,0.2375306491136,0.657791624252481,"NS"
"Retinol",-0.156491679415678,0.189270321496018,0.384254166349195,"NS",-0.288707362763527,0.0309323442836128,0.0788479566473952,"NS",0.257621326042379,0.0555112386590668,0.358764919843155,"NS",0.175925926486375,0.154432091894514,0.514743159345415,"NS",0.153672455603561,0.271935259571269,0.573021338696752,"NS",0.0538622802773746,0.700933638535903,0.875566489330409,"NS"
"Riboflavin",-0.0195996462763496,0.870192848361682,0.925205039924777,"NS",-0.0233098640232894,0.864598154248559,0.908810559863542,"NS",-0.162816131237184,0.229871151312353,0.563896151193717,"NS",-0.330220307565397,0.0063504531908953,0.130537093368403,"NS",-0.122421825036057,0.38250847605736,0.673943505434396,"NS",-0.141993226898887,0.309513579409728,0.723461429079982,"NS"
"Ribose-5-P",0.0196800385908548,0.869665064736795,0.925205039924777,"NS",0.404573109154951,0.00198374961726399,0.0120339437724207,"NS",-0.401025290498975,0.00235948090052587,0.138780587028254,"NS",-0.052582216004038,0.672589468596806,0.87013322860426,"NS",-0.123107322738828,0.379829175605827,0.673943505434396,"NS",-0.0466860183841316,0.739279565149156,0.87573888849661,"NS"
"Ribulose 5-Phosphate",-0.161057962879569,0.176520497284414,0.371094227245644,"NS",0.0454918314002906,0.739191694584927,0.809174340226103,"NS",-0.270266575529733,0.0442679344872912,0.358764919843155,"NS",0.0776660283444842,0.532164772347806,0.796588841655279,"NS",-0.174277710080974,0.212000223473088,0.509351186266511,"NS",0.209643605870021,0.131697595187832,0.562676220268479,"NS"
"S-Adenosylmethionine (SAM)",0.397765093708461,0.000540133170258232,0.0249811591244432,"NS",0.654214233533405,4.54939763836554e-08,4.20819281548813e-06,"SIG",-0.102323991797676,0.45193085852399,0.733396568657352,"NS",-0.126656290314091,0.307095002317696,0.701389820108318,"NS",0.0175003531178026,0.901017605093367,0.947092368990187,"NS",-0.075794226737623,0.588611504357085,0.854643021501925,"NS"
"S-Methylcysteine",0.0461773454517442,0.70010717701136,0.857383187678201,"NS",-0.163032333418021,0.229922870970386,0.363553257517277,"NS",0.268762816131237,0.0454975325138083,0.358764919843155,"NS",-0.0142680396367693,0.908764647019643,0.976083067029299,"NS",0.124881552087177,0.372946686550425,0.669855699143967,"NS",-0.0970004837929366,0.488479660641677,0.806863725167057,"NS"
"SAH",0.248733821078859,0.035128595143358,0.147196840919116,"NS",0.452525805965325,0.000462400710886197,0.00388836961427029,"SIG",-0.241763499658237,0.0727906424928299,0.36395321246415,"NS",-0.0207136015985546,0.86786167093166,0.959286806717593,"NS",0.0149599792781216,0.915329105718969,0.951325194146119,"NS",-0.00975649088856636,0.944754016935913,0.960326885346945,"NS"
"Sarcosine",-0.00635099284590493,0.957773876811295,0.968241350874806,"NS",0.116788570920205,0.39133844217217,0.517125798584653,"NS",0.132057416267943,0.330986347386724,0.651409300707914,"NS",0.233018040333644,0.0577417437034582,0.394079909097691,"NS",0.0466138437884327,0.740310515946314,0.907002950000451,"NS",0.131511046605386,0.346864363562053,0.736980623586167,"NS"
"Sedoheptulose 7-Phosphate",0.0852319318383343,0.476553665541203,0.68876896972752,"NS",0.346298449096728,0.00893707275567694,0.0331308122068649,"NS",-0.162679425837321,0.230266652474892,0.563896151193717,"NS",0.0938098661992344,0.450198717395274,0.778380959982483,"NS",-0.119921774590657,0.392374885899406,0.682607748083457,"NS",0.18996935978068,0.172610464982036,0.614094923493783,"NS"
"Serine",-0.351201865147092,0.00248734131368465,0.0472694380306156,"NS",-0.443468454108768,0.000618959535757038,0.00458030056460208,"SIG",-0.113807245386193,0.40257266721426,0.696036854529327,"NS",-0.0829142722947923,0.50473350575506,0.796588841655279,"NS",-0.191253859073128,0.170110251746621,0.499530104335316,"NS",0.191582002902758,0.168943147686941,0.612832986707531,"NS"
"Sorbitol",-0.176203874932335,0.138717514950139,0.301914591362067,"NS",-0.0970674689532872,0.476658949167123,0.599876908815767,"NS",-0.048257006151743,0.723286083403501,0.955770895926055,"NS",-0.180775064432858,0.143206919956868,0.503015138237748,"NS",-0.0231859517113744,0.869106622925037,0.918769858520754,"NS",-0.182148040638607,0.191224569757926,0.637898285147418,"NS"
"Spermidine",0.350317549687536,0.00255510475841166,0.0472694380306156,"NS",0.532538110479285,2.39231698592615e-05,0.000368815535330282,"SIG",-0.135885167464115,0.317064276374644,0.630719259454937,"NS",-0.356321840215599,0.00308105626723765,0.081427915634138,"NS",-0.0292344608534721,0.83538556053597,0.91250861953551,"NS",-0.353007579422674,0.00986526812683779,0.504923241573564,"NS"
"Suberic Acid",-0.329624567933916,0.00469144634511418,0.062447307111052,"NS",-0.345512339312951,0.0091040456969767,0.0331308122068649,"NS",0.0305536568694463,0.822736058497432,0.956938905505915,"NS",0.281908525802294,0.0208225642231876,0.240760898830607,"NS",0.128873568120961,0.357737484500387,0.655261729035363,"NS",0.155700693436542,0.26474664168485,0.690572857004498,"NS"
"Succinate",-0.183616046329707,0.122606546760106,0.280027298155799,"NS",-0.136783102377132,0.314781698934772,0.444539040480404,"NS",0.0209159261790841,0.878187205662505,0.956938905505915,"NS",-0.0334849937209775,0.787926691934849,0.911688697373292,"NS",0.0858888298177869,0.540867417052342,0.775662574842506,"NS",-0.117239154975004,0.402026022649184,0.736980623586167,"NS"
"Succinylcarnitine",0.217638073828276,0.0662865588071619,0.201033006218442,"NS",0.573620891353176,3.81310506122565e-06,0.000124399559749731,"SIG",-0.318113465481887,0.0172488739100706,0.29009469757846,"NS",-0.160739943040807,0.193799580661781,0.586004800192889,"NS",0.0310086902018207,0.825546692683302,0.91250861953551,"NS",-0.208514755684567,0.133825695631422,0.562676220268479,"NS"
"Sucrose",-0.136522228492604,0.252823195726985,0.458551874602865,"NS",-0.569177662140525,4.70701036890873e-06,0.000124399559749731,"SIG",0.415447710184552,0.00158578673896225,0.138780587028254,"NS",0.0329462006158128,0.791261314708065,0.911688697373292,"NS",-0.2204883199266,0.112626567452618,0.396436427676553,"NS",0.268424447669731,0.0522653056677495,0.504923241573564,"NS"
"Taurine",-0.0261114237512648,0.827645567128878,0.920443082188902,"NS",-0.309658897435487,0.0202106762131737,0.0563284890055004,"NS",0.236842105263158,0.078952704720004,0.384375009821072,"NS",0.0135097382295005,0.913594439372692,0.976083067029299,"NS",0.0444363804972776,0.752045116798649,0.909335598743465,"NS",0.141590066118368,0.310900197962248,0.723461429079982,"NS"
"Thiamine",0.129753195611273,0.277335886002428,0.488639418194754,"NS",0.251965275043533,0.061019001926819,0.128278583596153,"NS",-0.0889268626110731,0.513519537512297,0.79167595366479,"NS",-0.186961207492156,0.129788447227873,0.500226307024094,"NS",-0.0241133897798294,0.863919485477412,0.918769858520754,"NS",-0.122641509433962,0.380567196930725,0.736980623586167,"NS"
"Threonine",0.0795883913600744,0.506328104445712,0.713189235066865,"NS",0.318442819802034,0.0167617709949437,0.0495490479990322,"NS",-0.371018455228982,0.00512643275327525,0.189678011871184,"NS",-0.0589878673654407,0.635383488317035,0.857999601012055,"NS",-0.0506058598222172,0.718950361997762,0.904412351151842,"NS",0.0273343009192066,0.845639574935681,0.920254831547653,"NS"
"Trigonelline",-0.101069217795844,0.398246211611693,0.613962909568027,"NS",-0.143311231451103,0.292017681535019,0.432186168671829,"NS",0.163431305536569,0.228097249540322,0.563896151193717,"NS",0.315752714926715,0.00924484708867272,0.153659196025652,"NS",0.155688625317594,0.265619137415355,0.571390004905125,"NS",0.143122077084341,0.305652333998596,0.723461429079982,"NS"
"Tryptophan",0.31745317151784,0.00658356675685632,0.0625198312678509,"NS",0.174789801488419,0.19758911716469,0.323486607747501,"NS",0.168967874231032,0.212560894275513,0.563896151193717,"NS",-0.258141763274473,0.03493532201507,0.293774298763088,"NS",-0.129075185092364,0.356979533083582,0.655261729035363,"NS",-0.00677310111272375,0.96170194163297,0.966928582620106,"NS"
"Tyrosine",0.0280247608364868,0.815231830394476,0.920443082188902,"NS",-0.182445827208679,0.17835633968669,0.299195296058973,"NS",0.28796992481203,0.0317446022303223,0.309092179611033,"NS",0.000977809709373002,0.993734201452439,0.996291646058913,"NS",0.0962116187536336,0.493140978579675,0.748283696720698,"NS",-0.0408805031446541,0.770776972624336,0.8856754033261,"NS"
"UDP-GlcNAc",0.208103545327968,0.0794008909690179,0.222563103473762,"NS",0.322817691642182,0.015240312030164,0.0464633582077558,"NS",-0.155365686944634,0.252119654541578,0.571979792249607,"NS",-0.187859196000764,0.127922622510977,0.500226307024094,"NS",-0.0625415845292899,0.65640025500162,0.878884880113204,"NS",-0.0904692791485244,0.518332292947618,0.828441772819101,"NS"
"UDP-Glucose",-0.0182168984668615,0.879279390274556,0.929523926861673,"NS",-0.0132271515791979,0.922921259627433,0.94331730956395,"NS",-0.0113465481886535,0.933831138837237,0.987036331703482,"NS",-0.120190773052114,0.332641225646351,0.732602699340178,"NS",-0.0407266282234577,0.772164744281456,0.91250861953551,"NS",-0.210691823899371,0.129744547473771,0.562676220268479,"NS"
"UMP",-0.0485087225723928,0.685738665976445,0.851420491313035,"NS",0.0825073486102941,0.545488076691465,0.663916409131059,"NS",-0.173752563226247,0.199749850506251,0.563896151193717,"NS",-0.228109036486588,0.0633717584101668,0.394079909097691,"NS",-0.134478519925972,0.337033252904403,0.649491164451192,"NS",-0.0916787614900822,0.512735319454722,0.828441772819101,"NS"
"Uracil",0.355205402409447,0.00220025262465387,0.0472694380306156,"NS",0.48397019731639,0.000157436374721663,0.00171327819550045,"SIG",-0.0277511961722488,0.838783538376279,0.956938905505915,"NS",-0.198754789905206,0.106876378577242,0.482247074068045,"NS",0.15169660928381,0.278221083101121,0.578324723300083,"NS",-0.191582002902758,0.168943147686941,0.612832986707531,"NS"
"Urate",-0.231996141198892,0.0498856025152783,0.174793924407739,"NS",-0.278043612653166,0.0379989055761817,0.0937306337545816,"NS",0.0604237867395762,0.657394490100694,0.9213483383987,"NS",0.0400502874839105,0.747615174755564,0.911688697373292,"NS",0.288312269106656,0.0362975644367589,0.216614497445174,"NS",-0.177310111272375,0.203437831479447,0.637898285147418,"NS"
"Uridine",0.192861162497797,0.104564098173152,0.261410245432881,"NS",0.402078065058617,0.00212781443410276,0.0123014271971566,"NS",-0.0215994531784005,0.87423186602737,0.956938905505915,"NS",-0.216235632872773,0.0788302317827385,0.394079909097691,"NS",-0.0826226348810542,0.5564208976165,0.791802163981699,"NS",-0.251169166263506,0.0698467705896989,0.504923241573564,"NS"
"Valine",0.00974354851802123,0.935257697094794,0.963867018313914,"NS",0.213411716952227,0.11427617949445,0.213546396024983,"NS",-0.288858509911142,0.031203797669335,0.309092179611033,"NS",-0.415968232487352,0.000463766988405166,0.0645216633934502,"NS",-0.180769776560159,0.195201382716508,0.509351186266511,"NS",-0.238026124818578,0.0861920406404137,0.504923241573564,"NS"
"Xanthine",-0.158646193444415,0.183174202550654,0.380755364852483,"NS",-0.439025224896118,0.000712069952037812,0.00492621795549877,"SIG",0.0239917976760082,0.860413015960248,0.956938905505915,"NS",-0.343350895091263,0.00444691501654556,0.102834909757616,"NS",-0.434484573374016,0.001150900862441,0.0266145824439482,"NS",-0.123286566682793,0.378051773953163,0.736980623586167,"NS"
"Xanthosine",0.211656885629095,0.074291035077323,0.218156214115948,"NS",0.160366395890431,0.237735747825035,0.372721299556198,"NS",-0.00232399179767601,0.986591851867625,0.99859908483962,"NS",0.00141682631358129,0.99092108599494,0.996291646058913,"NS",0.305086801127407,0.0263267770789543,0.162348458653551,"NS",-0.270440251572327,0.0504714128708187,0.504923241573564,"NS"
"Xanthurenic Acid",0.28482997029166,0.015307334935485,0.104883591224619,"NS",0.181967325601162,0.179517177635384,0.299195296058973,"NS",0.156049213943951,0.250019359309874,0.571979792249607,"NS",0.217313219083102,0.0773141080639465,0.394079909097691,"NS",0.261295594938619,0.0587741762550157,0.286137437030997,"NS",-0.0198355104015481,0.887721717545905,0.938448672834243,"NS"
