"COMPOUND","Fmass_R_spearman","Fmass_p","Fmass_adj","sig_Fmass"
"1/3-Methylhistidine",0.697211020837361,2.37772456993361e-09,4.39879045437718e-07,"SIG"
"S-Adenosylmethionine (SAM)",0.654214233533405,4.54939763836554e-08,4.20819281548813e-06,"SIG"
"Choline",-0.606671680958045,7.19034567954893e-07,4.43404650238851e-05,"SIG"
"Aspartic Acid",-0.591427986890029,1.58824826219793e-06,7.34564821266543e-05,"SIG"
"Succinylcarnitine",0.573620891353176,3.81310506122565e-06,0.000124399559749731,"SIG"
"NAD",0.572424637334385,4.03678642077619e-06,0.000124399559749731,"SIG"
"Sucrose",-0.569177662140525,4.70701036890873e-06,0.000124399559749731,"SIG"
"Argininosuccinate",0.563059677301568,6.25936436249367e-06,0.000138316335200504,"SIG"
"Pyruvate",0.561487457734015,6.72890279353803e-06,0.000138316335200504,"SIG"
"2-Hydroxyphenylacetate",-0.545184224392213,1.394599248451e-05,0.000234895514799192,"SIG"
"Hydrocinnamic Acid",-0.545150045705962,1.39667603394114e-05,0.000234895514799192,"SIG"
"Spermidine",0.532538110479285,2.39231698592615e-05,0.000368815535330282,"SIG"
"Histamine",-0.530213959814206,2.63558656740323e-05,0.000375064242284306,"SIG"
"Hypoxanthine",-0.507519312143437,6.54328336849619e-05,0.000864648159408424,"SIG"
"Kynurenic Acid",0.502255794460759,8.00671037824929e-05,0.000987494279984079,"SIG"
"N-Acetyl-Aspartate (NAA)",-0.486260169295217,0.000144954631257418,0.0016760379239139,"SIG"
"Uracil",0.48397019731639,0.000157436374721663,0.00171327819550045,"SIG"
"3-(4-Hydroxyphenyl)Propionate",-0.48161186796506,0.000171311077257418,0.00176069718292346,"SIG"
"2-isoPropylmalic Acid",-0.470743045737192,0.000250864979229253,0.00244263269249536,"SIG"
"Cholecalciferol",-0.467906214778346,0.000276551263042501,0.00255809918314314,"SIG"
"cGMP",0.454508169767892,0.000433341646033819,0.00381753354839317,"SIG"
"SAH",0.452525805965325,0.000462400710886197,0.00388836961427029,"SIG"
"ADP",0.448766150477698,0.000522411292422719,0.00420200387383491,"SIG"
"Lysine",-0.446852144047633,0.00055559563522772,0.00428271635488034,"SIG"
"Serine",-0.443468454108768,0.000618959535757038,0.00458030056460208,"SIG"
"Xanthine",-0.439025224896118,0.000712069952037812,0.00492621795549877,"SIG"
"Glucosamine",0.438717616719857,0.000718961539451171,0.00492621795549877,"SIG"
"n-Glycylproline",0.431745164724621,0.000892229795129622,0.00589508971782072,"SIG"
"Glutaric Acid",-0.428634904275766,0.000980997977144049,0.00625809054384997,"SIG"
"Ribose-5-P",0.404573109154951,0.00198374961726399,0.0120339437724207,"NS"
"4-Pyridoxic Acid",0.403992071488681,0.00201649868618941,0.0120339437724207,"NS"
"Uridine",0.402078065058617,0.00212781443410276,0.0123014271971566,"NS"
"AMP",0.397224691610952,0.00243500131414585,0.013590324461036,"NS"
"Oxalacetate",-0.396301867082171,0.00249768125229852,0.013590324461036,"NS"
"Glyceraldehyde",0.394251145907101,0.00264213106364359,0.0139655499078304,"NS"
"Carnosine",0.391140885458246,0.00287538801073846,0.0147762994996282,"NS"
"Erythrose-4-Phosphate",0.38594572514807,0.00330592931404101,0.0165296465702051,"NS"
"Ergocalciferol",-0.380374599289132,0.00383012888617931,0.0173602818062104,"NS"
"Betaine",-0.380272063230378,0.00384042796681532,0.0173602818062104,"NS"
"Reduced Glutathione",0.379622668191606,0.00390622508830539,0.0173602818062104,"NS"
"5'-Methylthioadenosine",0.379485953446601,0.00392020321166432,0.0173602818062104,"NS"
"G1P/F1P/F6P",0.379280881329094,0.00394125316681534,0.0173602818062104,"NS"
"cAMP",0.368377880414975,0.00521434706411471,0.0224338187642144,"NS"
"Aminolevulinate",0.367318341141189,0.00535546883678132,0.0225173121546487,"NS"
"Cysteinyl-Glycine (Cys-Gly)",0.359833208852186,0.00645145015312019,0.0265226284072719,"NS"
"Nicotinic Acid",-0.352245540504429,0.00775775586985208,0.0311996703461442,"NS"
"Proline",0.347118737566755,0.00876568008842903,0.0331308122068649,"NS"
"G6P",0.346640235959239,0.00886530888858971,0.0331308122068649,"NS"
"Sedoheptulose 7-Phosphate",0.346298449096728,0.00893707275567694,0.0331308122068649,"NS"
"Suberic Acid",-0.345512339312951,0.0091040456969767,0.0331308122068649,"NS"
"IMP",0.345375624567946,0.00913335904081139,0.0331308122068649,"NS"
"Azelaic Acid",-0.343495796824133,0.00954479725668357,0.0339574517785858,"NS"
"Phosphotyrosine",0.340317179002775,0.0102770847940989,0.0358728431492133,"NS"
"Methionine",0.338642423376468,0.0106821019268957,0.0359589853687676,"NS"
"Carnitine",0.338608244690217,0.0106905091636877,0.0359589853687676,"NS"
"Adipic Acid / 3-Methylglutaric Acid",-0.337036025122664,0.0110834732567732,0.0364256845571126,"NS"
"3-Hydroxypropionic Acid",-0.336489166142645,0.0112230487554347,0.0364256845571126,"NS"
"Maleic Acid",-0.331328184518721,0.0126167325084808,0.040243026104637,"NS"
"Cadaverine",-0.32421901777848,0.0147786636746749,0.0463398776239806,"NS"
"UDP-GlcNAc",0.322817691642182,0.015240312030164,0.0464633582077558,"NS"
"2'-Deoxycytidine",0.322578440838424,0.015320350544179,0.0464633582077558,"NS"
"Threonine",0.318442819802034,0.0167617709949437,0.0495490479990322,"NS"
"Glycine",-0.318135211625774,0.0168734595888596,0.0495490479990322,"NS"
"Glutamic acid",-0.316528813371969,0.0174670904189195,0.0504908082421893,"NS"
"5,6-Dihydrouracil",0.31092350882678,0.0196798356733839,0.0560118399934774,"NS"
"Taurine",-0.309658897435487,0.0202106762131737,0.0563284890055004,"NS"
"Pyridoxamine",-0.309214574514222,0.0204000473695596,0.0563284890055004,"NS"
"Agmatine",0.308428464730445,0.0207387736502738,0.0564216636073626,"NS"
"1-Methylnicotinamide",-0.306958781221645,0.021384833176069,0.0573361469213444,"NS"
"Biopterin",-0.294586096798726,0.02753002675365,0.072757927848932,"NS"
"Retinol",-0.288707362763527,0.0309323442836128,0.0788479566473952,"NS"
"Phenylalanine",0.288160503783509,0.031265935676705,0.0788479566473952,"NS"
"3-Hydroxyisovaleric Acid",-0.287989610352253,0.0313707961410516,0.0788479566473952,"NS"
"GMP",0.287716180862244,0.0315391826589581,0.0788479566473952,"NS"
"Urate",-0.278043612653166,0.0379989055761817,0.0937306337545816,"NS"
"D-Leucic Acid",-0.275616925929334,0.0397807414531688,0.0958847236437306,"NS"
"Histidine",0.275446032498078,0.0399087768679311,0.0958847236437306,"NS"
"Dimethylglycine",0.273258596578004,0.0415778493870923,0.0978013935613648,"NS"
"4-Guanidinobutanoate",-0.273019345774246,0.0417638383316098,0.0978013935613648,"NS"
"PEP",0.271993985186711,0.0425687022651023,0.098440123988049,"NS"
"Creatine",-0.271173696716683,0.0432217334902674,0.0987163048851786,"NS"
"Adenylosuccinate",-0.267550755974061,0.0462050987033657,0.104243210489301,"NS"
"N-Ac-Alanine",0.264201244721447,0.0491112285434077,0.109464786512415,"NS"
"Alpha-Ketoglutaric Acid",0.261979630115122,0.0511197355136845,0.112585131786091,"NS"
"L-Kynurenine",0.260509946606322,0.05248480438672,0.113803569455855,"NS"
"Acetylcholine",0.260065623685057,0.0529032809362355,0.113803569455855,"NS"
"Cystine",-0.259108620470025,0.053813820476415,0.114431687219963,"NS"
"Thiamine",0.251965275043533,0.061019001926819,0.128278583596153,"NS"
"Allantoin",-0.244958644362046,0.0688214646597791,0.143055853506282,"NS"
"Glucose",0.240310343031888,0.0744234085517436,0.151905858376936,"NS"
"Arginine",-0.24007109222813,0.0747212600664931,0.151905858376936,"NS"
"3-Methyl-3-Hydroxyglutaric Acid",0.236892474406772,0.0787689102768395,0.158394004361036,"NS"
"Adenine",-0.225681865316393,0.0944434293340218,0.18783986917324,"NS"
"Arabitol/Xylitol",0.224588147356356,0.0960942257128295,0.18783986917324,"NS"
"3-Aminoisobutyrate",0.224348896552598,0.0964583111970693,0.18783986917324,"NS"
"Phenylacetic Acid",-0.218641055948654,0.105466342864508,0.203242431561812,"NS"
"N-Ac-L-Glutamine",0.21645362002858,0.109085528934821,0.208049720133421,"NS"
"Guanosine",0.214813043088525,0.111861991530373,0.211168045235909,"NS"
"Valine",0.213411716952227,0.11427617949445,0.213546396024983,"NS"
"Adenosine",-0.212078748188432,0.116609398819055,0.215727387815251,"NS"
"Pantothenate",-0.207738055034535,0.124459731361893,0.227970795068814,"NS"
"N-AcetylGlycine",-0.206849409192005,0.126115167011904,0.228738293109825,"NS"
"Imidazoleacetic Acid",0.196048944336639,0.147588699101205,0.264850457617174,"NS"
"Deoxycarnitine",-0.195433727984118,0.148888905903709,0.264850457617174,"NS"
"1-Methyladenosine",-0.190375282418947,0.159903347405841,0.281734469238863,"NS"
"Linoleic Acid",-0.189076492341403,0.16282559886902,0.284176752743101,"NS"
"Glucoronate",0.18692323510758,0.167756325532422,0.290045983397178,"NS"
"Homoarginine",0.18278761407119,0.177530499984688,0.299195296058973,"NS"
"Anthranilic Acid",-0.18248000589493,0.17827363091605,0.299195296058973,"NS"
"Tyrosine",-0.182445827208679,0.17835633968669,0.299195296058973,"NS"
"Xanthurenic Acid",0.181967325601162,0.179517177635384,0.299195296058973,"NS"
"Cholesteryl Sulfate",-0.180976143699879,0.181939115036816,0.300524431087599,"NS"
"Tryptophan",0.174789801488419,0.19758911716469,0.323486607747501,"NS"
"L-2-Aminobutyric Acid",0.172431472137089,0.203800117076012,0.329025020495684,"NS"
"o-Phosphoethanolamine",0.17215804264708,0.204529066794614,0.329025020495684,"NS"
"Citrulline",-0.169765534609499,0.210986080360381,0.3364864212644,"NS"
"S-Methylcysteine",-0.163032333418021,0.229922870970386,0.363553257517277,"NS"
"Xanthosine",0.160366395890431,0.237735747825035,0.372721299556198,"NS"
"Orotate",0.158725818950375,0.242633238628091,0.377202934001654,"NS"
"Ethanolamine",-0.154282589737725,0.256241843582668,0.389427714061404,"NS"
"Indole-2-Carboxylic Acid",-0.154009160247716,0.257095793418622,0.389427714061404,"NS"
"4-Hydroxybenzoic Acid",-0.153633194698953,0.258273105540496,0.389427714061404,"NS"
"Citraconic Acid",-0.153428122581446,0.258916804484069,0.389427714061404,"NS"
"Glycerol-3-P",-0.146831636134973,0.280199720556307,0.418039905668684,"NS"
"Trigonelline",-0.143311231451103,0.292017681535019,0.432186168671829,"NS"
"2-Aminoisobutyric Acid",0.142388406922322,0.295168648190919,0.433382539010476,"NS"
"6-Methyladenosine",-0.14054275786476,0.301536741845593,0.439246434971927,"NS"
"2-Hydroxyisobutyrate/2-Hydroxybutyrate",0.139654112022229,0.304634328459517,0.440291802851646,"NS"
"Homocitrulline",-0.138662930120946,0.30811345987983,0.44186814013774,"NS"
"Phosphoserine",0.137808462964667,0.311133133759645,0.442766382657956,"NS"
"Succinate",-0.136783102377132,0.314781698934772,0.444539040480404,"NS"
"Hypotaurine",0.130699296224426,0.336989212521792,0.472295487246451,"NS"
"Leucine /D-Norleucine",0.126016816208018,0.354731531246765,0.491923868505605,"NS"
"Oxidized Glutathione",0.125606671973004,0.35631242367433,0.491923868505605,"NS"
"Indole-3-Carboxylic Acid",-0.123043270504167,0.366290505874653,0.496439525209939,"NS"
"7-Methylguanine",-0.123009091817916,0.366424680700189,0.496439525209939,"NS"
"Asparagine",0.122701483641655,0.367633594344657,0.496439525209939,"NS"
"Fructose",-0.121231800132856,0.373442772897403,0.500629804246518,"NS"
"N-Ac-Phenylalanine",0.119522865820298,0.380266630250778,0.506110263283409,"NS"
"Sarcosine",0.116788570920205,0.39133844217217,0.517125798584653,"NS"
"Acetylcarnitine",-0.114840385803889,0.399341863387363,0.523959182458597,"NS"
"Inosine",-0.113063094118829,0.406726033565201,0.529889550771565,"NS"
"Putrescine",-0.109166723886197,0.423188721609975,0.547481912572345,"NS"
"isoValeric Acid /3-Oxobutanoic Acid/4-Oxobutanoic Acid",0.103253811164747,0.448881603373945,0.576688171001249,"NS"
"N6-Trimethyllysine",-0.099835942539631,0.464116505665846,0.592148645159872,"NS"
"Sorbitol",-0.0970674689532872,0.476658949167123,0.599876908815767,"NS"
"FAD",0.0970674689532872,0.476658949167123,0.599876908815767,"NS"
"Cystathionine",0.0927267757993902,0.496681920185718,0.620852400232147,"NS"
"N2,N2-Dimethylguanosine",0.0902317317030557,0.508385263226113,0.631216601992153,"NS"
"iso-Leucine /allo-isoLeucine",-0.0873265433717073,0.522187372755733,0.644031093065404,"NS"
"gamma-Aminobutyrate",-0.0856176090591495,0.530392784312282,0.649818974157431,"NS"
"UMP",0.0825073486102941,0.545488076691465,0.663916409131059,"NS"
"Pseudouridine",-0.0801831979452154,0.556901646602124,0.673377807982961,"NS"
"Alanine",-0.07943126684769,0.560618328152066,0.673470069533326,"NS"
"Cytidine",0.0751589310662953,0.581954427500784,0.694590768307388,"NS"
"5-Methylcytidine",0.0738259623025001,0.588685928090645,0.698121132671598,"NS"
"N-Ac-Arginine",-0.0729031377737189,0.593366566575558,0.698225250034447,"NS"
"2-Aminoadipate",0.0723221001074492,0.596322105434825,0.698225250034447,"NS"
"Linolenic Acid",-0.0662382939547432,0.627651188304163,0.73028597381302,"NS"
"Ornithine",-0.0637090711721575,0.640874469333229,0.741011105166546,"NS"
"Myristic Acid",0.0609405975858138,0.655476539818322,0.744883846773948,"NS"
"Margaric Acid",0.0596759861945209,0.662189879924798,0.744883846773948,"NS"
"Pipecolate",0.0593000206457582,0.664190867234173,0.744883846773948,"NS"
"Glutamine",0.0590949485282513,0.665283297422505,0.744883846773948,"NS"
"N6-Acetyl-Lysine",0.0589240550969955,0.66619418388351,0.744883846773948,"NS"
"Deoxyguanosine",-0.0585139108619816,0.668382262510677,0.744883846773948,"NS"
"DHAP/D-GA3P",-0.0575910863332003,0.673315439533939,0.745888361160352,"NS"
"Pyroglutamic Acid",-0.0555745438443821,0.684142761630029,0.753371493461639,"NS"
"Ribulose 5-Phosphate",0.0454918314002906,0.739191694584927,0.809174340226103,"NS"
"Niacinamide",0.0397498121100961,0.771153587556048,0.837604603636577,"NS"
"3HBA",-0.0392029531300776,0.774218309307323,0.837604603636577,"NS"
"betaAlanine",0.0362635861124781,0.790748740293004,0.850514633454685,"NS"
"NADH",0.0338027207023947,0.804659214416207,0.860473726398834,"NS"
"Guanine",-0.0320596077035857,0.81454923638117,0.866043728336301,"NS"
"Phosphorylcholine",-0.0252238704533542,0.853597587016274,0.902374591988633,"NS"
"Riboflavin",-0.0233098640232894,0.864598154248559,0.908810559863542,"NS"
"Lactose/Trehalose",0.0204730330644433,0.880948985521468,0.920765888821873,"NS"
"Glycerophosphocholine",0.0184223118893739,0.892800059748961,0.924565708773952,"NS"
"Neopterin",0.0181147037131135,0.894579793894797,0.924565708773952,"NS"
"Dimethylarginine (A/SDMA)",0.0135689384417095,0.920935829672643,0.94331730956395,"NS"
"UDP-Glucose",-0.0132271515791979,0.922921259627433,0.94331730956395,"NS"
"Lactate",0.0108688222278681,0.936632809439689,0.952071811793091,"NS"
"Palmitic Acid",0.00840795681778474,0.950959952446827,0.961352957391601,"NS"
"DCDP",0.00492173082016668,0.9712820705696,0.97656077747487,"NS"
"2-Hydroxyglutarate",-0.00239250803758102,0.986037657258435,0.986037657258435,"NS"
