"COMPOUND","FTAG_R_spearman","FTAG_p","FTAG_adj","sig_FTAG"
"Aspartic Acid",-0.71871921182266,1.94231873400233e-05,0.00359328965790432,"SIG"
"1/3-Methylhistidine",0.598522167487685,0.000765552015005257,0.0708135613879863,"NS"
"S-Adenosylmethionine (SAM)",0.563054187192118,0.00175696695667858,0.08160898224072,"NS"
"Azelaic Acid",-0.560098522167488,0.00187558591698446,0.08160898224072,"NS"
"4-Pyridoxic Acid",0.550246305418719,0.00232259825411405,0.08160898224072,"NS"
"Suberic Acid",-0.534975369458128,0.00319737138408381,0.08160898224072,"NS"
"Glycerol-3-P",-0.526600985221675,0.00378809008037995,0.08160898224072,"NS"
"N-Ac-Alanine",0.505911330049261,0.00566461652835695,0.08160898224072,"NS"
"Hydrocinnamic Acid",-0.502463054187192,0.00604429768339777,0.08160898224072,"NS"
"Homocitrulline",-0.500492610837438,0.00627087413701375,0.08160898224072,"NS"
"IMP",0.500492610837438,0.00627087413701375,0.08160898224072,"NS"
"Agmatine",0.495566502463054,0.00686930803420594,0.08160898224072,"NS"
"N-Acetyl-Aspartate (NAA)",-0.495073891625616,0.00693174551161792,0.08160898224072,"NS"
"Betaine",-0.494581280788177,0.00699466654091901,0.08160898224072,"NS"
"ADP",0.494088669950739,0.00705807413973793,0.08160898224072,"NS"
"Glutaric Acid",-0.494088669950739,0.00705807413973795,0.08160898224072,"NS"
"Adipic Acid / 3-Methylglutaric Acid",-0.488177339901478,0.00785803423816528,0.0844158779266364,"NS"
"Xanthurenic Acid",0.485714285714286,0.0082134367712403,0.0844158779266364,"NS"
"3-Aminoisobutyrate",0.47487684729064,0.00994415434945252,0.0923766424971528,"NS"
"2-Hydroxyphenylacetate",-0.470935960591133,0.0106457530338218,0.0923766424971528,"NS"
"Spermidine",0.469458128078818,0.0109194315007722,0.0923766424971528,"NS"
"Cholecalciferol",-0.467487684729064,0.0112935698607697,0.0923766424971528,"NS"
"Carnosine",0.466502463054187,0.0114846636618082,0.0923766424971528,"NS"
"3-(4-Hydroxyphenyl)Propionate",-0.460098522167488,0.0127945291434434,0.0986244954807095,"NS"
"2-Aminoisobutyric Acid",0.457635467980296,0.0133307646883786,0.0986476586940014,"NS"
"GMP",0.453694581280788,0.0142280288950466,0.101237897907063,"NS"
"Alpha-Ketoglutaric Acid",0.449753694581281,0.0151754880988226,0.103980196232673,"NS"
"Cadaverine",-0.441871921182266,0.0172296671194157,0.109913393692824,"NS"
"Lactate",-0.441871921182266,0.0172296671194157,0.109913393692824,"NS"
"NAD",0.438423645320197,0.0181987770826051,0.112225792009398,"NS"
"Oxalacetate",-0.433004926108374,0.0198133090832048,0.116347717542366,"NS"
"Arabitol/Xylitol",0.430049261083744,0.0207430667487052,0.116347717542366,"NS"
"D-Leucic Acid",-0.42807881773399,0.021382823764543,0.116347717542366,"NS"
"Phosphotyrosine",0.42807881773399,0.021382823764543,0.116347717542366,"NS"
"Uracil",0.423645320197044,0.0228823265393083,0.120949440279201,"NS"
"Ornithine",-0.418226600985222,0.0248322937949718,0.127610398668605,"NS"
"Tryptophan",0.405418719211823,0.0299913534739248,0.149165478185338,"NS"
"Pyruvate",0.403940886699507,0.0306393955191506,0.149165478185338,"NS"
"Carnitine",0.401970443349754,0.0315212546979963,0.149523900490495,"NS"
"Maleic Acid",-0.396059113300493,0.0342922233556325,0.15690165711575,"NS"
"Urate",-0.395073891625616,0.0347727996851121,0.15690165711575,"NS"
"Choline",-0.382266009852217,0.0415349340947143,0.181111902449594,"NS"
"5,6-Dihydrouracil",0.38128078817734,0.0420962800288244,0.181111902449594,"NS"
"Phenylacetic Acid",-0.372906403940887,0.0471192608909811,0.198115074200716,"NS"
"AMP",0.370935960591133,0.0483684442694321,0.198848048663221,"NS"
"Pyridoxamine",-0.363054187192118,0.0536332701423985,0.215699021224864,"NS"
"Succinate",-0.358128078817734,0.0571493870761074,0.224949715086806,"NS"
"DHAP/D-GA3P",-0.354679802955665,0.0597178625007189,0.230162595054854,"NS"
"Hypotaurine",0.350738916256158,0.0627643803994176,0.235116029390181,"NS"
"cGMP",0.349753694581281,0.0635448728081572,0.235116029390181,"NS"
"Adenine",-0.346305418719212,0.0663370973822484,0.237111184051282,"NS"
"Phenylalanine",0.345320197044335,0.0671523621712781,0.237111184051282,"NS"
"N-AcetylGlycine",-0.342364532019704,0.0696455151580143,0.237111184051282,"NS"
"1-Methylnicotinamide",-0.341871921182266,0.0700680108387654,0.237111184051282,"NS"
"Myristic Acid",0.341379310344828,0.0704925141774081,0.237111184051282,"NS"
"Methionine",0.338916256157635,0.0726453579328497,0.239989128885307,"NS"
"L-Kynurenine",0.331527093596059,0.079413515081759,0.256294470022055,"NS"
"N6-Acetyl-Lysine",0.330541871921182,0.0803517797906982,0.256294470022055,"NS"
"SAH",0.326108374384236,0.0846809193994492,0.265524916760985,"NS"
"3-Hydroxypropionic Acid",-0.317733990147783,0.093347974685627,0.281709607418732,"NS"
"Adenosine",-0.317733990147783,0.093347974685627,0.281709607418732,"NS"
"7-Methylguanine",0.316748768472906,0.0944107873511427,0.281709607418732,"NS"
"3-Methyl-3-Hydroxyglutaric Acid",0.314778325123153,0.0965642111147447,0.283561572321076,"NS"
"Cholesteryl Sulfate",-0.311822660098522,0.0998645406133803,0.288670937710552,"NS"
"Phosphoserine",0.308374384236453,0.103822874364302,0.295495873190707,"NS"
"UDP-GlcNAc",0.306403940886699,0.106137688359093,0.296302827612885,"NS"
"5'-Methylthioadenosine",0.305418719211823,0.107309672703045,0.296302827612885,"NS"
"Succinylcarnitine",0.299014778325123,0.115167915221899,0.303333095273365,"NS"
"3-Hydroxyisovaleric Acid",-0.298522167487685,0.115789858062351,0.303333095273365,"NS"
"Retinol",-0.298522167487685,0.115789858062351,0.303333095273365,"NS"
"Argininosuccinate",0.298029556650246,0.116414323050859,0.303333095273365,"NS"
"Pyroglutamic Acid",0.291133004926108,0.125424683243619,0.32227175555652,"NS"
"DCDP",0.288669950738916,0.128765526340217,0.326323594149865,"NS"
"Serine",-0.284729064039409,0.13424781560518,0.330188433114481,"NS"
"Kynurenic Acid",0.284729064039409,0.13424781560518,0.330188433114481,"NS"
"Creatine",-0.283743842364532,0.135644977928111,0.330188433114481,"NS"
"Dimethylarginine (A/SDMA)",0.276354679802956,0.14646800651693,0.351903652021195,"NS"
"Xanthosine",0.27487684729064,0.1487063981992,0.352701072651948,"NS"
"Alanine",0.272906403940887,0.151729665969786,0.355316306384943,"NS"
"Pantothenate",0.268965517241379,0.157910143546939,0.356261068151749,"NS"
"Ergocalciferol",-0.267980295566502,0.15948337728765,0.356261068151749,"NS"
"Cysteinyl-Glycine (Cys-Gly)",0.266502463054187,0.161864456747125,0.356261068151749,"NS"
"Uridine",0.266502463054187,0.161864456747125,0.356261068151749,"NS"
"2'-Deoxycytidine",0.266009852216749,0.162663828226796,0.356261068151749,"NS"
"Inosine",-0.264532019704433,0.165079037481581,0.356261068151749,"NS"
"Phosphorylcholine",0.263546798029557,0.166703464886958,0.356261068151749,"NS"
"betaAlanine",0.26256157635468,0.168339361586039,0.356261068151749,"NS"
"Sorbitol",-0.261083743842364,0.170814783597745,0.356261068151749,"NS"
"Sucrose",-0.260591133004926,0.171645694398996,0.356261068151749,"NS"
"Proline",0.259605911330049,0.173316195317067,0.356261068151749,"NS"
"Pseudouridine",0.252216748768473,0.186216798205718,0.378572611736899,"NS"
"2-Hydroxyglutarate",-0.249753694581281,0.190664192949268,0.38340082277842,"NS"
"cAMP",0.246305418719212,0.197015529854967,0.391912613152353,"NS"
"Guanosine",0.244334975369458,0.200710724603969,0.395015787784407,"NS"
"Histamine",-0.239901477832512,0.209201270230863,0.40739194729168,"NS"
"Cytidine",0.233497536945813,0.22190009789471,0.425115420077839,"NS"
"5-Methylcytidine",0.233004926108374,0.222898355392164,0.425115420077839,"NS"
"6-Methyladenosine",-0.225615763546798,0.238242288374034,0.449743095399962,"NS"
"n-Glycylproline",0.220197044334975,0.24993818098366,0.467056196787647,"NS"
"Threonine",0.213300492610837,0.265370852928148,0.485399602020793,"NS"
"L-2-Aminobutyric Acid",0.212807881773399,0.266496717971432,0.485399602020793,"NS"
"Pipecolate",0.212315270935961,0.267625726519572,0.485399602020793,"NS"
"2-Aminoadipate",0.210344827586207,0.272173214561169,0.488854802852586,"NS"
"N2,N2-Dimethylguanosine",0.208374384236453,0.276771069410897,0.492333152317461,"NS"
"Hypoxanthine",-0.201477832512315,0.293260781978953,0.516697568248631,"NS"
"Trigonelline",-0.2,0.296874751456154,0.518130462447062,"NS"
"Citraconic Acid",-0.196551724137931,0.305417814999768,0.52805883901829,"NS"
"Deoxyguanosine",0.194581280788177,0.310368986571085,0.531650578848618,"NS"
"Sedoheptulose 7-Phosphate",0.188669950738916,0.325525121932033,0.552496766581891,"NS"
"Asparagine",0.183251231527094,0.339816143189293,0.566360238648822,"NS"
"Dimethylglycine",0.183251231527094,0.339816143189293,0.566360238648822,"NS"
"Glucosamine",0.18128078817734,0.34510694900024,0.570042728259324,"NS"
"Homoarginine",0.177832512315271,0.354486177859068,0.577457282236511,"NS"
"Ribulose 5-Phosphate",-0.177339901477832,0.355838541486283,0.577457282236511,"NS"
"Glutamine",0.17487684729064,0.362647015536764,0.583388677167838,"NS"
"Margaric Acid",-0.167487684729064,0.38353673171832,0.607318808282714,"NS"
"4-Guanidinobutanoate",-0.166502463054187,0.386374347483772,0.607318808282714,"NS"
"Imidazoleacetic Acid",0.16551724137931,0.389224206443145,0.607318808282714,"NS"
"Putrescine",0.165024630541872,0.390653719922394,0.607318808282714,"NS"
"Thiamine",0.163546798029557,0.394960560765359,0.608278483002501,"NS"
"1-Methyladenosine",-0.16256157635468,0.397847007801636,0.608278483002501,"NS"
"Acetylcarnitine",-0.161083743842365,0.402199445049558,0.609892601099739,"NS"
"Glyceraldehyde",0.158620689655172,0.409513998813935,0.613164526068256,"NS"
"o-Phosphoethanolamine",0.158128078817734,0.410985952607912,0.613164526068256,"NS"
"Deoxycarnitine",-0.154187192118227,0.422869494997738,0.61769047789796,"NS"
"Lactose/Trehalose",-0.154187192118227,0.422869494997738,0.61769047789796,"NS"
"Arginine",-0.15320197044335,0.425870217827837,0.61769047789796,"NS"
"Acetylcholine",0.152709359605911,0.427375033356427,0.61769047789796,"NS"
"Xanthine",-0.148275862068965,0.441051254468035,0.632515364934778,"NS"
"Glutamic acid",-0.144827586206897,0.451852304699748,0.643020587457334,"NS"
"Aminolevulinate",0.139901477832512,0.467527881940458,0.655247410295338,"NS"
"Guanine",0.139901477832512,0.467527881940458,0.655247410295338,"NS"
"Reduced Glutathione",0.134975369458128,0.483487774149444,0.67252058810261,"NS"
"Leucine /D-Norleucine",0.131527093596059,0.494825982410684,0.677549302264051,"NS"
"Ribose-5-P",0.131527093596059,0.494825982410684,0.677549302264051,"NS"
"Lysine",-0.130541871921182,0.4980902978806,0.677549302264051,"NS"
"Glycerophosphocholine",0.127586206896552,0.507948734835404,0.680449360802432,"NS"
"Sarcosine",-0.126600985221675,0.51125654676507,0.680449360802432,"NS"
"gamma-Aminobutyrate",0.126600985221675,0.51125654676507,0.680449360802432,"NS"
"Cystine",-0.124630541871921,0.51790436789461,0.681709246688397,"NS"
"UMP",-0.124137931034483,0.519572993421968,0.681709246688397,"NS"
"N-Ac-L-Glutamine",0.118226600985222,0.539801680457803,0.703262752709109,"NS"
"Allantoin",0.114778325123153,0.551773627205334,0.713833014216691,"NS"
"S-Methylcysteine",0.112315270935961,0.560400844167811,0.719959417854479,"NS"
"Cystathionine",0.10935960591133,0.57083543983143,0.728307285302169,"NS"
"Palmitic Acid",0.101970443349754,0.597302373991965,0.754347479640924,"NS"
"Adenylosuccinate",-0.100985221674877,0.600871313540664,0.754347479640924,"NS"
"Linolenic Acid",0.0995073891625616,0.606241961568285,0.754347479640924,"NS"
"G1P/F1P/F6P",0.0990147783251231,0.608036740567188,0.754347479640924,"NS"
"Valine",0.0980295566502463,0.611633091600749,0.754347479640924,"NS"
"Erythrose-4-Phosphate",0.093103448275862,0.629748439333966,0.771546101170753,"NS"
"N6-Trimethyllysine",0.0857142857142857,0.657323785713767,0.800032239191098,"NS"
"Glucose",-0.0812807881773399,0.67408935087293,0.812032264466017,"NS"
"Anthranilic Acid",-0.0807881773399015,0.675961993123062,0.812032264466017,"NS"
"4-Hydroxybenzoic Acid",0.0793103448275862,0.681591426154216,0.813512347345354,"NS"
"Tyrosine",0.0763546798029557,0.692901171349057,0.821709722433177,"NS"
"Citrulline",0.0699507389162561,0.717629131921412,0.845613945257715,"NS"
"Fructose",-0.0679802955665025,0.725296565529174,0.849239649512007,"NS"
"Glycine",-0.0660098522167488,0.732990499916689,0.852850581664072,"NS"
"FAD",-0.0645320197044335,0.738777928169132,0.853348851517994,"NS"
"isoValeric Acid /3-Oxobutanoic Acid/4-Oxobutanoic Acid",-0.0635467980295566,0.742644135645389,0.853348851517994,"NS"
"Neopterin",0.0571428571428571,0.767922537264906,0.855635462078216,"NS"
"Histidine",0.0566502463054187,0.76987724444829,0.855635462078216,"NS"
"G6P",0.0556650246305419,0.77379085701008,0.855635462078216,"NS"
"N-Ac-Arginine",0.0551724137931034,0.775749739734137,0.855635462078216,"NS"
"3HBA",-0.0551724137931034,0.775749739734138,0.855635462078216,"NS"
"Ethanolamine",-0.054679802955665,0.777709991610688,0.855635462078216,"NS"
"Indole-2-Carboxylic Acid",0.0536945812807882,0.78163455724983,0.855635462078216,"NS"
"Linoleic Acid",-0.0536945812807882,0.78163455724983,0.855635462078216,"NS"
"N-Ac-Phenylalanine",0.0497536945812808,0.79738529711055,0.867742823326187,"NS"
"PEP",0.0463054187192118,0.811232630704765,0.87599230934748,"NS"
"NADH",-0.0448275862068965,0.817184847798138,0.87599230934748,"NS"
"2-Hydroxyisobutyrate/2-Hydroxybutyrate",-0.0443349753694581,0.819171186578995,0.87599230934748,"NS"
"2-isoPropylmalic Acid",0.0428571428571429,0.825136836390498,0.877300659380702,"NS"
"Niacinamide",0.0354679802955665,0.855104125521125,0.903967218408047,"NS"
"Biopterin",-0.0334975369458128,0.863131182689008,0.907268572712878,"NS"
"Orotate",-0.0275862068965517,0.887290657624249,0.927394190172238,"NS"
"Nicotinic Acid",0.0226600985221675,0.907501517694866,0.941036099423431,"NS"
"iso-Leucine /allo-isoLeucine",0.0211822660098522,0.913576577575341,0.941036099423431,"NS"
"UDP-Glucose",0.0206896551724138,0.915602691330906,0.941036099423431,"NS"
"Taurine",-0.0152709359605911,0.937921893511984,0.958649449169708,"NS"
"Riboflavin",-0.0123152709359606,0.950116836825366,0.965778103366443,"NS"
"Indole-3-Carboxylic Acid",-0.00640394088669951,0.974537630399399,0.983929120031297,"NS"
"Oxidized Glutathione",0.00541871921182266,0.978610584247344,0.983929120031297,"NS"
"Glucoronate",-0.00246305418719212,0.990832247717226,0.990832247717226,"NS"
