"rowname","colname","p_SD","R_SD"
"Cadaverine","Oxalacetate",3.15272890214444e-22,0.989162561576354
"G1P/F1P/F6P","G6P",4.71497777475509e-18,0.987684729064039
"1-Methylnicotinamide","Cadaverine",5.71802220255865e-18,0.985221674876847
"Erythrose-4-Phosphate","G1P/F1P/F6P",5.87955944885604e-18,0.982266009852216
"1-Methylnicotinamide","Oxalacetate",7.99661977748705e-19,0.978817733990147
"Erythrose-4-Phosphate","G6P",1.50913430072036e-18,0.978325123152709
"Azelaic Acid","Suberic Acid",1.95030223694768e-18,0.97487684729064
"Adipic Acid / 3-Methylglutaric Acid","Suberic Acid",8.03487498666656e-19,0.971428571428571
"Deoxyguanosine","Guanine",5.33964765165822e-18,0.954187192118226
"2-Aminoisobutyric Acid","3-Aminoisobutyrate",8.00447580428948e-13,0.945320197044335
"Adipic Acid / 3-Methylglutaric Acid","Azelaic Acid",3.31678817170961e-13,0.944827586206896
"Cholecalciferol","Retinol",1.63127635544342e-11,0.93448275862069
"Indole-2-Carboxylic Acid","Indole-3-Carboxylic Acid",4.89200702829955e-16,0.932512315270936
"Azelaic Acid","Glutaric Acid",9.30141494084465e-13,0.931034482758621
"Glutaric Acid","Suberic Acid",6.73739084868831e-15,0.930541871921182
"GMP","IMP",1.08090422113369e-13,0.921182266009852
"GMP","NAD",3.18305255697438e-10,0.919211822660098
"Pyridoxamine","Urate",2.86725436812969e-11,0.917241379310345
"Lactose/Trehalose","UMP",8.23764579686391e-10,0.914285714285714
"Guanosine","Xanthosine",1.33265215466835e-10,0.910837438423645
"Glycerol-3-P","Homocitrulline",1.84409274047578e-10,0.90935960591133
"S-Methylcysteine","Tyrosine",1.86148171822677e-13,0.908866995073891
"Glucose","Glyceraldehyde",2.44346302617151e-11,0.908374384236453
"Adipic Acid / 3-Methylglutaric Acid","Glutaric Acid",1.01578890913268e-12,0.902463054187192
"Betaine","Maleic Acid",2.35624135586771e-09,0.898029556650246
"Glutaric Acid","Maleic Acid",2.31165714239059e-08,0.896059113300492
"Adipic Acid / 3-Methylglutaric Acid","Cholecalciferol",7.11046297415405e-07,0.892118226600985
"ADP","NAD",1.78124392679739e-15,0.89064039408867
"2-Hydroxyphenylacetate","Cholecalciferol",2.25422258333158e-09,0.888669950738916
"Cholecalciferol","Suberic Acid",8.77194489326558e-07,0.888177339901478
"Biopterin","Urate",1.83851053420691e-07,0.883251231527094
"Alpha-Ketoglutaric Acid","Pyruvate",8.24862409884258e-05,0.882758620689655
"Leucine /D-Norleucine","Phenylalanine",2.16390284985767e-09,0.877832512315271
"Adipic Acid / 3-Methylglutaric Acid","Retinol",3.48963176038806e-06,0.877339901477832
"Betaine","Citraconic Acid",0.000117731570571908,0.876847290640394
"SAH","Succinylcarnitine",2.03865398536412e-07,0.875369458128079
"Ergocalciferol","Retinol",6.01788579932448e-07,0.87487684729064
"3-Hydroxyisovaleric Acid","Maleic Acid",3.83446386644966e-08,0.873399014778325
"IMP","NAD",5.68365438578484e-12,0.873399014778325
"Arginine","Betaine",1.30857963454219e-07,0.870443349753694
"Betaine","Glutaric Acid",4.02823203824718e-08,0.867487684729064
"Leucine /D-Norleucine","Valine",7.16782387717996e-07,0.866009852216749
"Choline","Maleic Acid",1.09404748107952e-07,0.865024630541872
"Betaine","Oxalacetate",1.99135886548861e-06,0.864532019704433
"Choline","Hydrocinnamic Acid",1.20331655511189e-06,0.858128078817734
"2-Hydroxyphenylacetate","Azelaic Acid",6.27884498725347e-07,0.855172413793103
"Retinol","Suberic Acid",5.33123301978639e-06,0.855172413793103
"2-Hydroxyphenylacetate","Glutaric Acid",3.88033523198606e-07,0.854679802955665
"Betaine","Cadaverine",3.06905873213349e-07,0.854679802955665
"1-Methylnicotinamide","Palmitic Acid",4.58034052468424e-07,0.854187192118226
"ADP","GMP",4.93832986403644e-07,0.852709359605911
"Betaine","Suberic Acid",1.21379403391248e-07,0.852709359605911
"5-Methylcytidine","N2,N2-Dimethylguanosine",1.48047431125354e-07,0.851231527093596
"Azelaic Acid","Cholecalciferol",4.30223119270732e-06,0.850738916256157
"Azelaic Acid","D-Leucic Acid",1.4170067702151e-05,0.850738916256157
"S-Adenosylmethionine (SAM)","SAH",6.46180067707089e-05,0.849753694581281
"2-Hydroxyphenylacetate","Retinol",6.1340026604741e-07,0.848768472906404
"Adipic Acid / 3-Methylglutaric Acid","Creatine",1.18954616243626e-05,0.847783251231527
"Cholecalciferol","Glutaric Acid",2.18649414209055e-06,0.847290640394089
"Arginine","Choline",1.28876973687991e-05,0.846305418719212
"4-Guanidinobutanoate","Deoxycarnitine",1.57167737306698e-07,0.845812807881773
"Cadaverine","Palmitic Acid",1.25189035948618e-06,0.845320197044335
"D-Leucic Acid","Glutaric Acid",5.09295433615374e-06,0.844334975369458
"Citraconic Acid","Maleic Acid",6.79101614046023e-05,0.843349753694581
"Azelaic Acid","Retinol",4.52971350024977e-06,0.842857142857143
"Creatine","Suberic Acid",2.00502450694548e-05,0.842364532019704
"Maleic Acid","Suberic Acid",3.00073131924142e-06,0.842364532019704
"S-Adenosylmethionine (SAM)","Succinylcarnitine",2.1585983225853e-05,0.842364532019704
"ADP","IMP",4.12980446681324e-09,0.841871921182266
"Azelaic Acid","Betaine",3.0393158083713e-07,0.841871921182266
"Betaine","Choline",3.5332796777806e-08,0.840394088669951
"1/3-Methylhistidine","SAH",5.17911881761223e-05,0.839901477832512
"2-Hydroxyphenylacetate","Suberic Acid",1.0445975268487e-06,0.835467980295566
"3-Hydroxyisovaleric Acid","Choline",4.39339159288831e-06,0.831527093596059
"Azelaic Acid","Maleic Acid",4.1822358462831e-06,0.831527093596059
"Choline","Glutaric Acid",1.39725437240685e-06,0.830049261083744
"3-Hydroxyisovaleric Acid","Betaine",1.20574910226046e-07,0.829556650246305
"2-Hydroxyphenylacetate","Hydrocinnamic Acid",6.24058931956054e-06,0.826108374384236
"Glutaric Acid","Retinol",1.03620900132442e-05,0.824630541871921
"Adipic Acid / 3-Methylglutaric Acid","N-AcetylGlycine",8.10477069397681e-08,0.824137931034483
"cAMP","cGMP",9.29536544310664e-06,0.823152709359606
"Betaine","Urate",3.06905873213349e-07,0.818226600985221
"Adipic Acid / 3-Methylglutaric Acid","Betaine",9.8173692777313e-07,0.817733990147783
"Hydrocinnamic Acid","Urate",9.0907393844152e-07,0.817733990147783
"Arginine","Cadaverine",1.69497163771871e-06,0.816256157635468
"1-Methylnicotinamide","Betaine",3.04592195103414e-05,0.815763546798029
"AMP","GMP",1.14468110438764e-11,0.815763546798029
"AMP","NAD",8.68544415059277e-11,0.814778325123153
"3-Hydroxyisovaleric Acid","Glutaric Acid",1.09298079972136e-05,0.811822660098522
"Azelaic Acid","Trigonelline",2.28398121074739e-05,0.811822660098522
"Cadaverine","Urate",9.12988709583748e-06,0.811822660098522
"N-AcetylGlycine","Suberic Acid",5.90804695167056e-07,0.811822660098522
"Arginine","Citraconic Acid",0.000317709866536562,0.811330049261084
"3-(4-Hydroxyphenyl)Propionate","Citraconic Acid",9.14760064737093e-05,0.809852216748768
"Cholecalciferol","Ergocalciferol",1.5036018813015e-05,0.80935960591133
"Glucosamine","Glyceraldehyde",4.06807025097162e-06,0.80935960591133
"Arginine","Oxalacetate",8.75607348021465e-06,0.807881773399015
"2-Aminoisobutyric Acid","Alanine",4.81496408842933e-06,0.806403940886699
"Oxalacetate","Palmitic Acid",2.65005419931025e-06,0.806403940886699
"2-Hydroxyphenylacetate","Adipic Acid / 3-Methylglutaric Acid",5.75545453227018e-06,0.803448275862069
"Glucosamine","Glucose",3.45441524569123e-05,0.801970443349754
"Cystathionine","Methionine",6.62878117586399e-05,0.800985221674877
"PEP","Pyruvate",9.46876392993981e-05,0.800492610837438
