"COMPOUND","AIC_null","AIC_sex","AIC_geno","AIC_sex_geno","AIC_int","AIC_min","delta_null_s","delta_null_g","delta_sex","delta_geno","delta_sex_geno","best_fit"
"1-Methyladenosine",-224.529114412467,-252.580449065803,-260.754859746827,-320.677842820856,-352.091749628203,-352.091749628203,NA,NA,NA,NA,31.4139068073474,"AIC_int"
"1-Methylnicotinamide",-53.2961908977171,-100.513206534073,-38.4996124590983,-106.282728029833,-115.189408601583,-115.189408601583,NA,NA,NA,NA,8.90668057175048,"AIC_int"
"1/3-Methylhistidine",-145.476129452642,-222.006780758944,-125.261081425921,-239.222838460507,-291.657798517249,-291.657798517249,NA,NA,NA,NA,52.434960056742,"AIC_int"
"2'-Deoxycytidine",-81.0384615754755,-79.1389531546019,-162.51312206655,-160.546707620378,-159.395767795382,-162.51312206655,NA,81.4746604910743,NA,NA,NA,"AIC_geno"
"2-Aminoadipate",-49.8635624383593,-47.92080679288,-231.864979355055,-229.891795075178,-254.158123981573,-254.158123981573,NA,NA,NA,NA,24.2663289063951,"AIC_int"
"2-Aminoisobutyric Acid",-301.528932921361,-329.621072771183,-338.201780118094,-395.5160141753,-411.653650516086,-411.653650516086,NA,NA,NA,NA,16.1376363407866,"AIC_int"
"2-Hydroxyglutarate",-105.893428831378,-104.908680745998,-146.048673878681,-146.130952859523,-158.345699298528,-158.345699298528,NA,NA,NA,NA,12.2147464390042,"AIC_int"
"2-Hydroxyisobutyrate/2-Hydroxybutyrate",-135.314016661283,-140.760948660892,-155.49585846848,-166.644950909486,-153.943853614054,-166.644950909486,NA,NA,25.8840022485937,11.1490924410059,NA,"AIC_sex_geno"
"2-Hydroxyphenylacetate",67.7682951554884,59.1004595085577,105.319705830833,94.6459426543051,65.6727321222106,59.1004595085577,8.66783564693066,NA,NA,NA,NA,"AIC_sex"
"2-isoPropylmalic Acid",-107.947766421955,-114.463620699297,-152.246585125384,-167.594688183107,-176.734146742343,-176.734146742343,NA,NA,NA,NA,9.13945855923646,"AIC_int"
"3-(4-Hydroxyphenyl)Propionate",-74.10262219838,-113.822724192527,-55.1296554344424,-111.351362494046,-92.3384010706088,-113.822724192527,39.7201019941473,NA,NA,NA,NA,"AIC_sex"
"3-Aminoisobutyrate",-301.18317892654,-317.305577346187,-335.846140547551,-366.44771120709,-392.034219776053,-392.034219776053,NA,NA,NA,NA,25.586508568963,"AIC_int"
"3-Hydroxyisovaleric Acid",-24.9003378544029,-63.5820535118909,-1.91322522583309,-52.2998214852436,-77.6541126932599,-77.6541126932599,NA,NA,NA,NA,25.3542912080163,"AIC_int"
"3-Hydroxypropionic Acid",-88.9256946505821,-114.615476402195,-119.797452940962,-173.062161219033,-246.303860368576,-246.303860368576,NA,NA,NA,NA,73.241699149543,"AIC_int"
"3-Methyl-3-Hydroxyglutaric Acid",-235.345071605155,-238.092344120383,-280.014637091685,-286.540668858456,-294.780691075328,-294.780691075328,NA,NA,NA,NA,8.24002221687243,"AIC_int"
"3HBA",-71.7582716479051,-90.9939784645346,-63.0731131265949,-92.127504326862,-75.7138864492508,-92.127504326862,NA,NA,1.13352586232736,29.0543912002671,NA,"AIC_sex"
"4-Guanidinobutanoate",89.6868163568682,14.8301118970566,62.8318634114554,-120.626614689471,-190.415498934656,-190.415498934656,NA,NA,NA,NA,69.7888842451847,"AIC_int"
"4-Hydroxybenzoic Acid",-62.1914755452029,-65.7261975416927,-101.830759148426,-110.855214781154,-126.245753612751,-126.245753612751,NA,NA,NA,NA,15.3905388315969,"AIC_int"
"4-Pyridoxic Acid",-56.2635404857929,-63.6379001214854,-102.227947457886,-115.935443935171,-138.043754255892,-138.043754255892,NA,NA,NA,NA,22.1083103207206,"AIC_int"
"5'-Methylthioadenosine",-206.964464897061,-207.742077590399,-232.522571289042,-234.859709358022,-325.987800081182,-325.987800081182,NA,NA,NA,NA,91.1280907231591,"AIC_int"
"5-Methylcytidine",-145.074767913046,-143.219052340459,-241.362337095687,-240.080457347285,-234.629543109245,-241.362337095687,NA,96.2875691826405,NA,NA,NA,"AIC_geno"
"5,6-Dihydrouracil",-406.657160593122,-406.138483774028,-424.450366412478,-424.770573842403,-460.105220482625,-460.105220482625,NA,NA,NA,NA,35.3346466402226,"AIC_int"
"6-Methyladenosine",-82.4980559946706,-90.5685205353877,-90.3668801663497,-104.714421040159,-114.773792554985,-114.773792554985,NA,NA,NA,NA,10.0593715148254,"AIC_int"
"7-Methylguanine",-76.9994446494927,-75.0021343995906,-266.131719350114,-264.503965414163,-270.445022357274,-270.445022357274,NA,NA,NA,NA,5.94105694311105,"AIC_int"
"Acetylcarnitine",-116.651744288201,-141.628919051163,-156.223476820014,-212.958228090487,-244.200707967294,-244.200707967294,NA,NA,NA,NA,31.242479876807,"AIC_int"
"Acetylcholine",19.4675764626021,21.0539872726889,35.6942620301908,37.3740760199619,47.128428727519,19.4675764626021,NA,NA,NA,NA,NA,"AIC_null"
"Adenine",-53.1789319370781,-61.4553191510872,-152.054880018039,-190.744624557495,-185.630217228363,-190.744624557495,NA,NA,129.289305406408,38.6897445394563,NA,"AIC_sex_geno"
"Adenosine",42.220318844657,40.7685376359529,-36.4461739982418,-46.5539042185649,-66.9970249159651,-66.9970249159651,NA,NA,NA,NA,20.4431206974002,"AIC_int"
"Adenylosuccinate",-241.325598811856,-271.070759632912,-224.304707018483,-265.098455704194,-261.394759654577,-271.070759632912,29.7451608210562,NA,NA,NA,NA,"AIC_sex"
"Adipic Acid / 3-Methylglutaric Acid",84.8113068689442,81.5265471287049,114.258194338591,109.354041701988,14.8698534801976,14.8698534801976,NA,NA,NA,NA,94.4841882217908,"AIC_int"
"ADP",-65.9179746890064,-65.2844869875258,-103.818999238848,-105.027287055957,-206.726667984429,-206.726667984429,NA,NA,NA,NA,101.699380928472,"AIC_int"
"Agmatine",-399.367116302288,-397.413216242375,-401.496659200408,-399.526473493121,-409.316599711381,-409.316599711381,NA,NA,NA,NA,9.79012621825916,"AIC_int"
"Alanine",-347.360579311933,-385.664668478207,-365.746305180622,-439.741867475613,-458.327750591033,-458.327750591033,NA,NA,NA,NA,18.5858831154202,"AIC_int"
"Allantoin",17.9876927775081,19.7826721301616,8.52180517797032,10.2399938613787,3.83281926090253,3.83281926090253,NA,NA,NA,NA,6.40717460047615,"AIC_int"
"Alpha-Ketoglutaric Acid",43.8716301385574,34.3540525258462,-0.714820489943946,-24.7531877919872,-24.5372269098374,-24.7531877919872,NA,NA,59.1072403178333,24.0383673020432,NA,"AIC_sex_geno"
"Aminolevulinate",-2.04944604232651,-0.514573308005112,-113.810645073823,-113.179876795922,-185.176640983048,-185.176640983048,NA,NA,NA,NA,71.9967641871258,"AIC_int"
"AMP",38.782558488682,36.2443016841641,-3.40428643598477,-11.3015709268451,-133.363985135922,-133.363985135922,NA,NA,NA,NA,122.062414209077,"AIC_int"
"Anthranilic Acid",34.7599615869974,27.9504932540967,27.68960766033,15.7933859769399,40.5738501937982,15.7933859769399,NA,NA,12.1571072771569,11.8962216833902,NA,"AIC_sex_geno"
"Arabitol/Xylitol",-198.651721182564,-197.153842972693,-282.311060482664,-282.102185342263,-274.885003790576,-282.311060482664,NA,83.6593393000998,NA,NA,NA,"AIC_geno"
"Arginine",-331.005737792442,-386.83675181255,-321.098974764301,-406.937626958096,-434.26477935588,-434.26477935588,NA,NA,NA,NA,27.3271523977841,"AIC_int"
"Argininosuccinate",-122.334832486252,-123.758264608776,-249.453724494617,-256.529840251661,-272.16482930232,-272.16482930232,NA,NA,NA,NA,15.6349890506589,"AIC_int"
"Asparagine",-80.1978824224066,-148.697099571816,-94.349536099039,-233.655748636913,-269.221851444297,-269.221851444297,NA,NA,NA,NA,35.5661028073836,"AIC_int"
"Aspartic Acid",30.6729476308017,23.3584152307907,28.3599217612176,14.4370569962978,19.121833260229,14.4370569962978,NA,NA,8.92135823449294,13.9228647649198,NA,"AIC_sex_geno"
"Azelaic Acid",89.0003302259254,81.4319395252175,120.263292332264,110.12522079953,46.6459557540993,46.6459557540993,NA,NA,NA,NA,63.4792650454302,"AIC_int"
"betaAlanine",-146.916113118957,-152.205468056932,-167.127354702344,-177.138897194373,-171.411065894725,-177.138897194373,NA,NA,24.9334291374415,10.011542492029,NA,"AIC_sex_geno"
"Betaine",-3.55478269268465,-36.0718029344824,22.2566525091039,-19.7797497798616,-66.0977235187114,-66.0977235187114,NA,NA,NA,NA,46.3179737388498,"AIC_int"
"Biopterin",-192.353234028165,-216.868589241512,-226.290578690734,-279.056125857913,-318.692689949616,-318.692689949616,NA,NA,NA,NA,39.6365640917024,"AIC_int"
"Cadaverine",-36.3659165206476,-82.7717930932687,-18.2384486111239,-83.1005878340959,-99.7677652949903,-99.7677652949903,NA,NA,NA,NA,16.6671774608944,"AIC_int"
"cAMP",121.566852903849,105.609474673641,101.869451424592,69.4640616372804,51.6853866646433,51.6853866646433,NA,NA,NA,NA,17.7786749726371,"AIC_int"
"Carnitine",-279.78947962721,-281.62177149782,-389.620083392101,-406.61949853627,-446.184596224473,-446.184596224473,NA,NA,NA,NA,39.5650976882034,"AIC_int"
"Carnosine",-18.0739662802156,-18.2297969935993,-91.343883700314,-96.3711829279987,-102.081769590609,-102.081769590609,NA,NA,NA,NA,5.7105866626103,"AIC_int"
"cGMP",-2.72700528434618,-16.5475660060535,-15.8404653719781,-43.6937218828681,-74.4189719185045,-74.4189719185045,NA,NA,NA,NA,30.7252500356364,"AIC_int"
"Cholecalciferol",15.4134206575388,2.11777379159452,54.6165916835242,39.0462869442062,7.86658412092223,2.11777379159452,13.2956468659442,NA,NA,NA,NA,"AIC_sex"
"Cholesteryl Sulfate",-11.4022345406545,-12.1077372338736,-1.29131816520265,-3.48107471811574,14.4846506553215,-12.1077372338736,0.705502693219131,NA,NA,NA,NA,"AIC_null"
"Choline",-247.192121350559,-344.274133899836,-235.168687290942,-404.516244510905,-433.059437809362,-433.059437809362,NA,NA,NA,NA,28.5431932984574,"AIC_int"
"Citraconic Acid",37.9479691182347,28.5021113718648,49.8081973797512,36.3921054966548,27.6607048911767,27.6607048911767,NA,NA,NA,NA,8.73140060547806,"AIC_int"
"Citrulline",-224.903110853155,-231.02217325288,-287.160374703932,-302.21090869137,-311.200509066619,-311.200509066619,NA,NA,NA,NA,8.98960037524921,"AIC_int"
"Creatine",14.5851388451603,15.272171787315,31.408961736054,31.3184960468079,19.876890829524,14.5851388451603,NA,NA,NA,NA,NA,"AIC_null"
"Cystathionine",-56.4227708153227,-62.914612003857,-97.1946484996565,-111.522019103697,-176.23393383754,-176.23393383754,NA,NA,NA,NA,64.7119147338425,"AIC_int"
"Cysteinyl-Glycine (Cys-Gly)",-49.5873247734129,-58.6580892788573,-123.473721866472,-153.733927255782,-190.954100309038,-190.954100309038,NA,NA,NA,NA,37.2201730532562,"AIC_int"
"Cystine",43.7842360322489,36.2383855959855,8.36166536361918,-6.36910970323518,-30.8872718711004,-30.8872718711004,NA,NA,NA,NA,24.5181621678653,"AIC_int"
"Cytidine",-179.535343520458,-186.261235212715,-195.566024833438,-208.7818124535,-269.771471025128,-269.771471025128,NA,NA,NA,NA,60.9896585716278,"AIC_int"
"D-Leucic Acid",-145.43495223969,-151.573724698684,-120.479471744778,-128.982524798622,-146.724811615561,-151.573724698684,6.13877245899357,NA,NA,NA,NA,"AIC_sex"
"DCDP",-144.771605587461,-145.379290751908,-161.714547464998,-164.059578636059,-184.473911033474,-184.473911033474,NA,NA,NA,NA,20.4143323974152,"AIC_int"
"Deoxycarnitine",21.2301475048412,-28.7442424471113,-14.9465270538314,-136.771461741659,-177.655657369619,-177.655657369619,NA,NA,NA,NA,40.8841956279608,"AIC_int"
"Deoxyguanosine",-139.842403781652,-187.8956129542,-133.847197778504,-210.219808867519,-246.02853567167,-246.02853567167,NA,NA,NA,NA,35.8087268041511,"AIC_int"
"DHAP/D-GA3P",72.0286748821075,49.6393157312208,54.8201249692915,17.9297375299956,39.6247179394175,17.9297375299956,NA,NA,31.7095782012252,36.8903874392959,NA,"AIC_sex_geno"
"Dimethylarginine (A/SDMA)",-31.9551433196734,-32.8050322411392,-220.925326935324,-235.196351896039,-246.265561416217,-246.265561416217,NA,NA,NA,NA,11.0692095201782,"AIC_int"
"Dimethylglycine",14.9142422098609,-7.15153474375782,-51.287353610817,-112.341990795555,-135.687266845929,-135.687266845929,NA,NA,NA,NA,23.3452760503742,"AIC_int"
"Ergocalciferol",-149.871781024,-167.831255398442,-118.469016474379,-139.697242762754,-127.531055192702,-167.831255398442,17.9594743744416,NA,NA,NA,NA,"AIC_sex"
"Erythrose-4-Phosphate",94.3177473568902,37.6651943678139,71.0626165815364,-48.9345079257415,-75.9647718030868,-75.9647718030868,NA,NA,NA,NA,27.0302638773453,"AIC_int"
"Ethanolamine",-107.103297408799,-133.348362428474,-110.0133253774,-156.493521369197,-187.501465883944,-187.501465883944,NA,NA,NA,NA,31.0079445147471,"AIC_int"
"FAD",-175.132837115143,-208.242696828689,-220.767452125746,-298.728801314275,-329.094220257784,-329.094220257784,NA,NA,NA,NA,30.3654189435084,"AIC_int"
"Fructose",-87.0698775030767,-127.813485053812,-78.050821765106,-139.679009686227,-151.855400288669,-151.855400288669,NA,NA,NA,NA,12.1763906024424,"AIC_int"
"G1P/F1P/F6P",76.7959698528749,24.5421859268595,43.4728323454818,-77.0362684906324,-99.4961799789928,-99.4961799789928,NA,NA,NA,NA,22.4599114883603,"AIC_int"
"G6P",81.8039349763177,31.383745929194,48.6669609837629,-66.2763451130368,-93.9790127923291,-93.9790127923291,NA,NA,NA,NA,27.7026676792923,"AIC_int"
"gamma-Aminobutyrate",-202.549233117377,-206.830525955909,-223.039937046291,-232.093350096162,-258.078665402544,-258.078665402544,NA,NA,NA,NA,25.9853153063819,"AIC_int"
"Glucoronate",-156.157729789541,-169.25438090356,-225.131207997714,-255.510036823194,-285.460851016427,-285.460851016427,NA,NA,NA,NA,29.9508141932332,"AIC_int"
"Glucosamine",-223.142167200994,-274.881888167407,-210.667695740782,-290.988973381702,-339.492827403917,-339.492827403917,NA,NA,NA,NA,48.5038540222142,"AIC_int"
"Glucose",-217.995698639676,-273.953025701469,-230.577146196342,-342.54034938125,-383.444327258344,-383.444327258344,NA,NA,NA,NA,40.9039778770943,"AIC_int"
"Glutamic acid",-313.72338188372,-312.625806320464,-343.762473139471,-343.408840312937,-372.006595989829,-372.006595989829,NA,NA,NA,NA,28.5977556768921,"AIC_int"
"Glutamine",-41.313813784599,-54.8534333106379,-99.3892011354652,-133.721784467551,-134.703382159595,-134.703382159595,NA,NA,NA,NA,0.981597692043323,"AIC_sex_geno"
"Glutaric Acid",-61.2067324176774,-67.9174992706916,-27.4912234230118,-36.2242217638807,-91.6267110542233,-91.6267110542233,NA,NA,NA,NA,55.4024892903425,"AIC_int"
"Glyceraldehyde",-173.759679234049,-234.571783352705,-164.934944551871,-263.692669151556,-340.916263010069,-340.916263010069,NA,NA,NA,NA,77.2235938585129,"AIC_int"
"Glycerol-3-P",64.9639078697033,66.041877808545,-0.915777111771575,-0.46982006347406,13.1221191449037,-0.915777111771575,NA,65.8796849814748,NA,NA,NA,"AIC_geno"
"Glycerophosphocholine",-31.4259784005334,-29.7725486803506,-48.7581738186895,-47.5560679481231,-81.3757729927825,-81.3757729927825,NA,NA,NA,NA,33.8197050446594,"AIC_int"
"Glycine",-287.578826282501,-290.377727743235,-325.134436037631,-331.694311788981,-331.27433260557,-331.694311788981,NA,NA,41.3165840457456,6.55987575134941,NA,"AIC_sex_geno"
"GMP",-12.9822848282308,-11.7228706769925,-58.1536600221722,-58.166842028881,-174.557755131208,-174.557755131208,NA,NA,NA,NA,116.390913102327,"AIC_int"
"Guanine",-151.767481654771,-191.194453976751,-149.728592032287,-213.589551181483,-257.519721841937,-257.519721841937,NA,NA,NA,NA,43.9301706604538,"AIC_int"
"Guanosine",-171.326409757343,-171.309157135541,-317.929397668757,-324.046787057591,-331.344301194378,-331.344301194378,NA,NA,NA,NA,7.29751413678764,"AIC_int"
"Histamine",-214.096227797563,-228.458785556124,-242.635940068229,-276.353251001535,-270.062129518828,-276.353251001535,NA,NA,47.8944654454115,33.7173109333061,NA,"AIC_sex_geno"
"Histidine",-197.570639656973,-204.856042072928,-305.394912826615,-340.893800508992,-401.663520899217,-401.663520899217,NA,NA,NA,NA,60.7697203902251,"AIC_int"
"Homoarginine",62.8475931174371,29.8403711691948,-5.12394237835238,-105.226957741986,-154.820244015779,-154.820244015779,NA,NA,NA,NA,49.5932862737923,"AIC_int"
"Homocitrulline",60.7434609400721,60.0609401746252,16.5464683890698,14.0707340310958,37.3016618318474,14.0707340310958,NA,NA,45.9902061435293,2.47573435797398,NA,"AIC_sex_geno"
"Hydrocinnamic Acid",-25.6171908370948,-30.851753176853,-3.25053254036405,-10.9870338740578,-20.55002550798,-30.851753176853,5.23456233975824,NA,NA,NA,NA,"AIC_sex"
"Hypotaurine",-130.110015314371,-128.213684160686,-223.36263798257,-221.819090652962,-240.261277979221,-240.261277979221,NA,NA,NA,NA,18.4421873262585,"AIC_int"
"Hypoxanthine",107.716529458198,86.8426800439103,53.4658610786886,-6.02682593198747,-40.4868343393687,-40.4868343393687,NA,NA,NA,NA,34.4600084073813,"AIC_int"
"Imidazoleacetic Acid",-132.361494708596,-170.35744530536,-115.773521861644,-169.502634964659,-175.090419910254,-175.090419910254,NA,NA,NA,NA,5.5877849455949,"AIC_int"
"IMP",121.804196713671,120.4792066407,93.3467878982819,88.1530011195259,-33.6702403920472,-33.6702403920472,NA,NA,NA,NA,121.823241511573,"AIC_int"
"Indole-2-Carboxylic Acid",-129.065562775148,-147.139227557861,-149.897193874976,-184.280208249306,-184.10702000452,-184.280208249306,NA,NA,37.1409806914443,34.38301437433,NA,"AIC_sex_geno"
"Indole-3-Carboxylic Acid",-107.16325280755,-134.483024478769,-115.953166761167,-163.633274524402,-165.6318365758,-165.6318365758,NA,NA,NA,NA,1.9985620513979,"AIC_sex_geno"
"Inosine",-239.269369472763,-238.686202683482,-268.342275445742,-269.630012935573,-281.477512513559,-281.477512513559,NA,NA,NA,NA,11.8474995779861,"AIC_int"
"iso-Leucine /allo-isoLeucine",-216.400253164079,-234.253933025295,-238.110420971946,-273.578072376903,-282.034598675064,-282.034598675064,NA,NA,NA,NA,8.45652629816095,"AIC_int"
"isoValeric Acid /3-Oxobutanoic Acid/4-Oxobutanoic Acid",-58.5827207982801,-63.5510496092207,-65.3277834557662,-73.745929397777,-66.505831101835,-73.745929397777,NA,NA,10.1948797885563,8.41814594201078,NA,"AIC_sex_geno"
"Kynurenic Acid",28.3079517607821,-1.62604627748783,-67.176466457574,-215.863095767706,-227.166042846925,-227.166042846925,NA,NA,NA,NA,11.3029470792184,"AIC_int"
"L-2-Aminobutyric Acid",46.7580182487141,35.3163373649486,-35.9033357455514,-66.9601490945256,-84.2354139659345,-84.2354139659345,NA,NA,NA,NA,17.2752648714089,"AIC_int"
"L-Kynurenine",69.5760628519094,35.4490667105302,79.8227499623098,32.3544395437858,24.2421840516277,24.2421840516277,NA,NA,NA,NA,8.11225549215808,"AIC_int"
"Lactate",-212.14570051975,-219.554782260673,-219.606311326043,-232.788971933,-219.140661123529,-232.788971933,NA,NA,13.2341896723269,13.1826606069571,NA,"AIC_sex_geno"
"Lactose/Trehalose",42.0080656173326,40.3990408055566,-118.209783871049,-129.565624438719,-168.38140113403,-168.38140113403,NA,NA,NA,NA,38.8157766953111,"AIC_int"
"Leucine /D-Norleucine",-175.482104253435,-173.491793083723,-196.563486454185,-194.563714991703,-233.238703659096,-233.238703659096,NA,NA,NA,NA,38.674988667393,"AIC_int"
"Linoleic Acid",-236.560405987324,-283.195176468522,-238.778351443127,-320.678643406107,-320.445407133485,-320.678643406107,NA,NA,37.4834669375852,81.90029196298,NA,"AIC_sex_geno"
"Linolenic Acid",-196.601857674874,-230.245062967116,-201.72158750817,-258.331640142808,-284.850977347925,-284.850977347925,NA,NA,NA,NA,26.5193372051169,"AIC_int"
"Lysine",-99.4684847667504,-135.425956663468,-168.405095449246,-274.855675263587,-332.181785116711,-332.181785116711,NA,NA,NA,NA,57.3261098531237,"AIC_int"
"Maleic Acid",14.8404202039169,-6.55470411528259,44.9647779756959,17.0176071670617,7.65743936493126,-6.55470411528259,21.3951243191995,NA,NA,NA,NA,"AIC_sex"
"Margaric Acid",-199.05610378735,-216.886974146979,-214.921878372777,-248.387064635609,-254.71340166606,-254.71340166606,NA,NA,NA,NA,6.32633703045167,"AIC_int"
"Methionine",-79.4852250396444,-93.4145822780819,-89.1033380812254,-111.711728389432,-157.492434319324,-157.492434319324,NA,NA,NA,NA,45.7807059298914,"AIC_int"
"Myristic Acid",-305.91881244397,-334.942326397304,-300.714909326256,-343.387935947659,-354.242774285764,-354.242774285764,NA,NA,NA,NA,10.8548383381044,"AIC_int"
"N-Ac-Alanine",-223.179735672153,-234.178547717982,-286.615674586824,-313.694554384006,-333.377343791405,-333.377343791405,NA,NA,NA,NA,19.6827894073991,"AIC_int"
"N-Ac-Arginine",99.6926419383902,96.7444009716541,-124.530952976037,-160.19302023927,-174.109772022415,-174.109772022415,NA,NA,NA,NA,13.9167517831449,"AIC_int"
"N-Ac-L-Glutamine",-116.328465347132,-117.027622478683,-163.893773298059,-167.249578454883,-212.573629984241,-212.573629984241,NA,NA,NA,NA,45.3240515293575,"AIC_int"
"N-Ac-Phenylalanine",-91.2589756398883,-98.5658623332968,-183.496898981291,-209.826562066139,-204.963345714177,-209.826562066139,NA,NA,111.260699732842,26.3296630848485,NA,"AIC_sex_geno"
"N-Acetyl-Aspartate (NAA)",186.585341825714,188.482089950341,57.0817604325608,58.9814887517634,48.4925178805052,48.4925178805052,NA,NA,NA,NA,10.4889708712582,"AIC_int"
"N-AcetylGlycine",-88.8856505750397,-87.6916503400805,-69.8295443701833,-68.8505670221322,-155.22510844159,-155.22510844159,NA,NA,NA,NA,86.3745414194581,"AIC_int"
"n-Glycylproline",-166.115432026933,-168.144367290412,-205.019032004856,-212.734126550144,-255.124017311845,-255.124017311845,NA,NA,NA,NA,42.3898907617013,"AIC_int"
"N2,N2-Dimethylguanosine",-207.529324742444,-218.272029533105,-230.251920505509,-251.450366694711,-268.048313743715,-268.048313743715,NA,NA,NA,NA,16.5979470490037,"AIC_int"
"N6-Acetyl-Lysine",-0.325044281685393,-39.6143062822009,-4.83346865914822,-70.8033358677006,-113.619504493038,-113.619504493038,NA,NA,NA,NA,42.8161686253378,"AIC_int"
"N6-Trimethyllysine",106.792295640923,57.8910744686204,57.9132966404233,-67.3822067732536,-128.218088990919,-128.218088990919,NA,NA,NA,NA,60.835882217665,"AIC_int"
"NAD",-75.148305478476,-74.2812603498954,-125.779198913786,-126.928800258343,-254.568374856789,-254.568374856789,NA,NA,NA,NA,127.639574598446,"AIC_int"
"NADH",-187.228221477728,-188.518713627992,-224.577838938864,-227.794405647008,-278.547375433631,-278.547375433631,NA,NA,NA,NA,50.7529697866231,"AIC_int"
"Neopterin",-181.360463914966,-198.623189036374,-215.347882553921,-250.505447403078,-259.284890111373,-259.284890111373,NA,NA,NA,NA,8.77944270829511,"AIC_int"
"Niacinamide",-29.6395389128055,-42.4180975270011,-26.464398351723,-45.882780905471,-63.6142655638872,-63.6142655638872,NA,NA,NA,NA,17.7314846584163,"AIC_int"
"Nicotinic Acid",-270.017133281701,-268.893896366604,-339.714819982891,-340.287670725619,-339.047353524121,-340.287670725619,NA,NA,71.393774359015,0.572850742727951,NA,"AIC_sex_geno"
"o-Phosphoethanolamine",-117.212241737715,-128.216097321949,-252.035468528002,-302.129552030389,-321.393813799623,-321.393813799623,NA,NA,NA,NA,19.2642617692333,"AIC_int"
"Ornithine",-260.101367865459,-259.142325549822,-242.059917494599,-241.211211826493,-265.558511496202,-265.558511496202,NA,NA,NA,NA,24.3472996697093,"AIC_int"
"Orotate",-210.92122475954,-211.893592321724,-266.823513556377,-272.061658000602,-281.597826464741,-281.597826464741,NA,NA,NA,NA,9.53616846413854,"AIC_int"
"Oxalacetate",-44.3066649940045,-87.4828314795881,-26.1080517437949,-86.7785283342945,-101.548400047533,-101.548400047533,NA,NA,NA,NA,14.7698717132388,"AIC_int"
"Oxidized Glutathione",112.811045822716,113.962148726562,71.5817751637548,71.5137063823866,-13.9298735551516,-13.9298735551516,NA,NA,NA,NA,85.4435799375383,"AIC_int"
"Palmitic Acid",-214.830623052581,-266.960967993356,-211.524623421324,-293.263290867766,-290.140884852464,-293.263290867766,NA,NA,26.3023228744099,81.7386674464418,NA,"AIC_sex_geno"
"Pantothenate",-150.591808212115,-173.298718508576,-170.318396949553,-218.441676425336,-272.172360938805,-272.172360938805,NA,NA,NA,NA,53.7306845134688,"AIC_int"
"PEP",203.366176574273,151.072540825725,210.528955073008,131.383900733625,118.065738737663,118.065738737663,NA,NA,NA,NA,13.3181619959618,"AIC_int"
"Phenylacetic Acid",-24.9408685724539,-53.4940708959174,2.3240155632229,-34.5728440591172,-32.4322050113931,-53.4940708959174,28.5532023234635,NA,NA,NA,NA,"AIC_sex"
"Phenylalanine",-205.3622299404,-206.004432747913,-193.669393284161,-195.645778427935,-219.30258704601,-219.30258704601,NA,NA,NA,NA,23.6568086180746,"AIC_int"
"Phosphorylcholine",-151.048732162743,-149.698125904141,-234.430134039243,-233.753364113495,-257.093594665341,-257.093594665341,NA,NA,NA,NA,23.3402305518462,"AIC_int"
"Phosphoserine",-230.356955246882,-229.48943817303,-360.906768139816,-362.142555900607,-384.454400958316,-384.454400958316,NA,NA,NA,NA,22.3118450577089,"AIC_int"
"Phosphotyrosine",-91.109619804008,-90.5161961772452,-94.7949300130755,-94.7932377077871,-78.4029795066425,-94.7949300130755,NA,3.6853102090675,NA,NA,NA,"AIC_geno"
"Pipecolate",-52.976531875708,-53.3771001745027,-132.959708788646,-138.392169346899,-169.205634660052,-169.205634660052,NA,NA,NA,NA,30.8134653131528,"AIC_int"
"Proline",-219.323842611318,-225.744803163109,-319.67109761877,-339.137270996367,-355.215353642195,-355.215353642195,NA,NA,NA,NA,16.0780826458275,"AIC_int"
"Pseudouridine",-69.8444898847114,-69.5185581963613,-256.980495182568,-263.000237367191,-235.776402327695,-263.000237367191,NA,NA,193.48167917083,6.01974218462277,NA,"AIC_sex_geno"
"Putrescine",-40.1810814399311,-52.9203182066992,-115.359108633951,-150.948974177493,-259.464227049492,-259.464227049492,NA,NA,NA,NA,108.515252871999,"AIC_int"
"Pyridoxamine",-100.04951520075,-132.474696963493,-94.5841321565899,-146.472919325909,-166.21766449315,-166.21766449315,NA,NA,NA,NA,19.7447451672415,"AIC_int"
"Pyroglutamic Acid",-123.150195570079,-121.393773831969,-278.03128264512,-277.372279061335,-291.170932508381,-291.170932508381,NA,NA,NA,NA,13.7986534470466,"AIC_int"
"Pyruvate",-3.36002235005105,-16.5155773621927,-16.7101959070811,-42.2248115050304,-48.7135639004654,-48.7135639004654,NA,NA,NA,NA,6.48875239543506,"AIC_int"
"Reduced Glutathione",66.6176199743799,63.1493476701209,34.790806237671,27.8734493083875,34.9454114248615,27.8734493083875,NA,NA,35.2758983617334,6.91735692928353,NA,"AIC_sex_geno"
"Retinol",-76.3585670731685,-98.6690625310138,-48.9551272736975,-76.0506024885015,-85.0786023236103,-98.6690625310138,22.3104954578453,NA,NA,NA,NA,"AIC_sex"
"Riboflavin",-28.8275719442034,-39.3787062296222,-140.577653916117,-180.197296386478,-197.354332899091,-197.354332899091,NA,NA,NA,NA,17.1570365126133,"AIC_int"
"Ribose-5-P",-58.9156561932186,-78.9160815047824,-107.055685810072,-152.756457426978,-175.559081851927,-175.559081851927,NA,NA,NA,NA,22.8026244249492,"AIC_int"
"Ribulose 5-Phosphate",56.2225758183939,25.1102027341967,50.2647486999216,1.87991211776813,2.64911505795297,1.87991211776813,NA,NA,23.2302906164286,48.3848365821535,NA,"AIC_sex_geno"
"S-Adenosylmethionine (SAM)",-14.0099460341483,-34.7138438354786,-22.7200825123959,-60.5433253034118,-110.626366592087,-110.626366592087,NA,NA,NA,NA,50.0830412886749,"AIC_int"
"S-Methylcysteine",-38.5762784967857,-66.2273439727678,-47.5466432900292,-95.5876068850127,-102.263553159351,-102.263553159351,NA,NA,NA,NA,6.67594627433783,"AIC_int"
"SAH",-94.172981182697,-100.54610682032,-115.791051156222,-130.007932477189,-171.844473793581,-171.844473793581,NA,NA,NA,NA,41.8365413163926,"AIC_int"
"Sarcosine",226.855895183431,135.528769024079,220.667552191452,34.3858888564559,-38.1244187272826,-38.1244187272826,NA,NA,NA,NA,72.5103075837385,"AIC_int"
"Sedoheptulose 7-Phosphate",-99.6649232501064,-113.462985313273,-116.477682010179,-139.434248232486,-137.363184245523,-139.434248232486,NA,NA,25.9712629192129,22.9565662223069,NA,"AIC_sex_geno"
"Serine",-303.649465260566,-306.73143805993,-381.397789028212,-388.653280934859,-391.393072766206,-391.393072766206,NA,NA,NA,NA,2.73979183134679,"AIC_int"
"Sorbitol",-131.601601895633,-134.790866396777,-206.297865541572,-216.888401810872,-236.182193138222,-236.182193138222,NA,NA,NA,NA,19.2937913273502,"AIC_int"
"Spermidine",-137.477262625769,-141.37754805874,-122.863388885518,-129.348174970305,-149.31500769223,-149.31500769223,NA,NA,NA,NA,19.9668327219251,"AIC_int"
"Suberic Acid",97.953867055988,92.4021262789512,127.182322624047,119.237393050082,11.2777760595253,11.2777760595253,NA,NA,NA,NA,107.959616990557,"AIC_int"
"Succinate",-191.897630837168,-192.61376541403,-210.003278762812,-212.626129514672,-235.295815665758,-235.295815665758,NA,NA,NA,NA,22.6696861510864,"AIC_int"
"Succinylcarnitine",-6.13673142939021,-38.6209435924579,-7.34228930403313,-66.0783517706278,-102.673085866595,-102.673085866595,NA,NA,NA,NA,36.5947340959672,"AIC_int"
"Sucrose",49.4811608271638,43.9752858867963,15.4848353505124,3.44532524058513,-35.750277832853,-35.750277832853,NA,NA,NA,NA,39.1956030734382,"AIC_int"
"Taurine",-322.214064428978,-383.09561530447,-319.201808434785,-423.175663341888,-475.045287724163,-475.045287724163,NA,NA,NA,NA,51.8696243822748,"AIC_int"
"Thiamine",-178.497160659795,-176.611950203426,-266.262602488528,-265.273157712863,-294.208022485186,-294.208022485186,NA,NA,NA,NA,28.9348647723233,"AIC_int"
"Threonine",-69.0201067864593,-108.822296929561,-78.1158237423779,-148.814407146836,-250.043502771374,-250.043502771374,NA,NA,NA,NA,101.229095624538,"AIC_int"
"Trigonelline",-83.4016437016279,-81.5352903930577,-122.706122869506,-120.961413785867,-140.666499611038,-140.666499611038,NA,NA,NA,NA,19.7050858251717,"AIC_int"
"Tryptophan",-204.895609034881,-210.06795244621,-233.280406990242,-243.464970535703,-355.020240538987,-355.020240538987,NA,NA,NA,NA,111.555270003284,"AIC_int"
"Tyrosine",-33.8438587603626,-66.5175749662719,-38.6512617961544,-94.6679077274853,-101.757982624116,-101.757982624116,NA,NA,NA,NA,7.09007489663051,"AIC_int"
"UDP-GlcNAc",-112.730881885465,-117.334160353259,-135.867638530704,-147.032441627561,-197.14336811275,-197.14336811275,NA,NA,NA,NA,50.1109264851893,"AIC_int"
"UDP-Glucose",-43.8754322588715,-44.4727538411411,-48.6316552536213,-50.1979643580581,-53.3580858881041,-53.3580858881041,NA,NA,NA,NA,3.16012153004604,"AIC_int"
"UMP",15.6468659291432,15.5133531359636,-123.122362026351,-126.907759016032,-152.960867114028,-152.960867114028,NA,NA,NA,NA,26.0531080979959,"AIC_int"
"Uracil",-288.404153866314,-317.18045812579,-319.228624121731,-372.332970103311,-403.415640401401,-403.415640401401,NA,NA,NA,NA,31.0826702980901,"AIC_int"
"Urate",-149.231426280858,-208.51339206235,-134.240302850921,-223.261769502578,-261.989183609076,-261.989183609076,NA,NA,NA,NA,38.7274141064983,"AIC_int"
"Uridine",-52.6282091184349,-59.1370288480799,-56.2831973337918,-67.0629641848464,-131.21058481539,-131.21058481539,NA,NA,NA,NA,64.1476206305437,"AIC_int"
"Valine",-147.481531867632,-156.261616326052,-196.98522737902,-219.580689438929,-272.281959501213,-272.281959501213,NA,NA,NA,NA,52.7012700622842,"AIC_int"
"Xanthine",-85.9965653102548,-115.889542380555,-154.369843746659,-254.020141243902,-267.38634273522,-267.38634273522,NA,NA,NA,NA,13.3662014913177,"AIC_int"
"Xanthosine",-158.219135915832,-157.232937156489,-289.771330872444,-291.509765917746,-302.977995901458,-302.977995901458,NA,NA,NA,NA,11.4682299837114,"AIC_int"
"Xanthurenic Acid",26.457013548597,27.9466200428182,-263.648879586033,-274.81901330954,-292.574519408961,-292.574519408961,NA,NA,NA,NA,17.7555060994206,"AIC_int"
