"","COMPOUND","best_fit","R_squared","R_adj","sex_p","geno_p","int_p","sex_eta","geno_eta","int_eta","sex_p_adj","geno_p_adj","int_p_adj"
"1","1-Methyladenosine","AIC_int",0.191948942920338,0.18613562596293,5.5325713173344e-08,NA,NA,0.175749069868031,NA,NA,2.08882794634054e-07,NA,NA
"2","1-Methylnicotinamide","AIC_int",0.294646969120879,0.289572486884339,3.56587989591197e-12,NA,NA,0.257197507360266,NA,NA,3.29843890371858e-11,NA,NA
"3","1/3-Methylhistidine","AIC_int",0.427048938720225,0.422926988639076,1.58321918115626e-18,NA,NA,0.350327345536777,NA,NA,9.7631849504636e-17,NA,NA
"4","2'-Deoxycytidine","AIC_geno",0.000712452320176486,-0.00647666672787972,0.753382633100359,NA,NA,0.000712450121989867,NA,NA,0.770031973058378,NA,NA
"5","2-Aminoadipate","AIC_int",0.000405905927824038,-0.00678541848996139,0.812557378699542,NA,NA,0.000405897966766638,NA,NA,0.825951181645139,NA,NA
"6","2-Aminoisobutyric Acid","AIC_int",0.192182757895458,0.186371123060174,5.41931962687575e-08,NA,NA,0.176218618518434,NA,NA,2.08869610619169e-07,NA,NA
"7","2-Hydroxyglutarate","AIC_int",0.00717450764346905,3.18782020551911e-05,0.31797450148396,NA,NA,0.0071377424705534,NA,NA,0.365771998230078,NA,NA
"8","2-Hydroxyisobutyrate/2-Hydroxybutyrate","AIC_sex_geno",0.0514446353474468,0.0446204960333997,0.00683791891728564,NA,NA,0.0496082299903301,NA,NA,0.0111948230061756,NA,NA
"9","2-Hydroxyphenylacetate","AIC_sex",0.0728671471420292,0.0661971266178711,0.00120739327121397,NA,NA,0.0699867866641293,NA,NA,0.00245459071620422,NA,NA
"10","2-isoPropylmalic Acid","AIC_int",0.0586084533682596,0.0518358523133551,0.00382501795206338,NA,NA,0.0567812461722007,NA,NA,0.00676296711962638,NA,NA
"11","3-(4-Hydroxyphenyl)Propionate","AIC_sex",0.256128703869613,0.250777111811121,1.53457366605655e-10,NA,NA,0.227112141751787,NA,NA,1.09190818546331e-09,NA,NA
"12","3-Aminoisobutyrate","AIC_int",0.120610751593754,0.114284210238313,2.45140460567962e-05,NA,NA,0.114458326058246,NA,NA,6.47871217215329e-05,NA,NA
"13","3-Hydroxyisovaleric Acid","AIC_int",0.250630285234148,0.245239136207056,2.58668973925563e-10,NA,NA,0.222371605099726,NA,NA,1.65012966124928e-09,NA,NA
"14","3-Hydroxypropionic Acid","AIC_int",0.178301246367999,0.172389744543309,1.83400646500381e-07,NA,NA,0.164785933947141,NA,NA,6.40172067973026e-07,NA,NA
"15","3-Methyl-3-Hydroxyglutaric Acid","AIC_int",0.0331081199013564,0.0261520632099992,0.0308160919960569,NA,NA,0.0327369635745281,NA,NA,0.044538882963051,NA,NA
"16","3HBA","AIC_sex",0.139815045739155,0.13362666477325,4.9403671162489e-06,NA,NA,0.12976608767264,NA,NA,1.4280748695407e-05,NA,NA
"17","4-Guanidinobutanoate","AIC_int",0.420206347533723,0.416035170177851,3.64144153942094e-18,NA,NA,0.350329800764173,NA,NA,1.68416671198218e-16,NA,NA
"18","4-Hydroxybenzoic Acid","AIC_int",0.0384929171221728,0.0315755999791669,0.0197180213629018,NA,NA,0.0377014856818806,NA,NA,0.0301473880341887,NA,NA
"19","4-Pyridoxic Acid","AIC_int",0.0643228807769384,0.0575913907105855,0.00240908237730136,NA,NA,0.0630247740946167,NA,NA,0.00459464164743043,NA,NA
"20","5'-Methylthioadenosine","AIC_int",0.0195066158603241,0.0124527066219092,0.0985781096406727,NA,NA,0.0192088169293301,NA,NA,0.131201081176435,NA,NA
"21","5-Methylcytidine","AIC_geno",0.00102277042486423,-0.00616411611884171,0.706569983200374,NA,NA,0.00102191907265049,NA,NA,0.742701402795848,NA,NA
"22","5,6-Dihydrouracil","AIC_int",0.0104508445976884,0.00333178592572936,0.227715741267451,NA,NA,0.0104071671594263,NA,NA,0.277154027200516,NA,NA
"23","6-Methyladenosine","AIC_int",0.06893085450745,0.0622325153312446,0.00165981968059083,NA,NA,0.0656199647031629,NA,NA,0.00330179183773444,NA,NA
"24","7-Methylguanine","AIC_int",1.90760598795427e-05,-0.00717503130659614,0.959005880017601,NA,NA,1.90751478315438e-05,NA,NA,0.959005880017601,NA,NA
"25","Acetylcarnitine","AIC_int",0.174137909941002,0.168196456055686,2.63462630919779e-07,NA,NA,0.159112231413385,NA,NA,9.02603457780726e-07,NA,NA
"26","Acetylcholine","AIC_null",0.00292895887192169,-0.00424421408583431,0.52387439495068,NA,NA,0.0029230657670535,NA,NA,0.56346955270858,NA,NA
"27","Adenine","AIC_sex_geno",0.0702896368575166,0.0636010730939016,0.00148715019657262,NA,NA,0.067363298567038,NA,NA,0.00299046506919494,NA,NA
"28","Adenosine","AIC_int",0.0241834953664075,0.0171632327431444,0.0655680319676282,NA,NA,0.0237895497203966,NA,NA,0.0912036534888061,NA,NA
"29","Adenylosuccinate","AIC_sex",0.201597948557758,0.195854048907095,2.34617865648233e-08,NA,NA,0.184412790653126,NA,NA,9.86461480566433e-08,NA,NA
"30","Adipic Acid / 3-Methylglutaric Acid","AIC_int",0.0367868629277415,0.0298572720135526,0.022702180035372,NA,NA,0.0361086788369781,NA,NA,0.0341455553377546,NA,NA
"31","ADP","AIC_int",0.00964476460624008,0.00251990679765191,0.246629466505124,NA,NA,0.00955508886286984,NA,NA,0.294364201957729,NA,NA
"32","Agmatine","AIC_int",0.000326896487396905,-0.00686499634362892,0.831484751077603,NA,NA,0.000326893139119193,NA,NA,0.840572016116703,NA,NA
"33","Alanine","AIC_int",0.248620631788582,0.243215024823032,3.12780513004705e-10,NA,NA,0.221847867602873,NA,NA,1.92881316352902e-09,NA,NA
"34","Allantoin","AIC_int",0.00145299052993715,-0.00573080090509914,0.65360367757729,NA,NA,0.001451141689598,NA,NA,0.690952459153135,NA,NA
"35","Alpha-Ketoglutaric Acid","AIC_sex_geno",0.0784377466426595,0.0718078023739016,0.000769366054715634,NA,NA,0.073764132946705,NA,NA,0.00163600827726888,NA,NA
"36","Aminolevulinate","AIC_int",0.00329333995375979,-0.0038772115573642,0.499083965085586,NA,NA,0.00329173318167322,NA,NA,0.53994464058967,NA,NA
"37","AMP","AIC_int",0.0316737549448412,0.0247073790811351,0.034740924451983,NA,NA,0.031062912450752,NA,NA,0.0498222559970298,NA,NA
"38","Anthranilic Acid","AIC_sex_geno",0.0605667384752263,0.0538082258023862,0.00326435292669473,NA,NA,0.0586340652603172,NA,NA,0.00597926031127252,NA,NA
"39","Arabitol/Xylitol","AIC_geno",0.00355481408239209,-0.00361385631989286,0.482493259027205,NA,NA,0.0035500513057509,NA,NA,0.525066193647252,NA,NA
"40","Arginine","AIC_int",0.336448650009285,0.331674899289927,4.79285099194221e-14,NA,NA,0.287694658249471,NA,NA,8.06070394099372e-13,NA,NA
"41","Argininosuccinate","AIC_int",0.0239872805625282,0.0169656063219709,0.0666854285504996,NA,NA,0.0238390038081897,NA,NA,0.092065703595839,NA,NA
"42","Asparagine","AIC_int",0.393465972739827,0.389102418586876,8.62989796155843e-17,NA,NA,0.333092654134776,NA,NA,3.19306224577662e-15,NA,NA
"43","Aspartic Acid","AIC_sex_geno",0.063925782526308,0.0571914356380081,0.00248769376483025,NA,NA,0.0613583397299969,NA,NA,0.00466784133658688,NA,NA
"44","Azelaic Acid","AIC_int",0.0656095869389238,0.0588873537514339,0.0021710483146903,NA,NA,0.0635829379656346,NA,NA,0.00427280785337985,NA,NA
"45","betaAlanine","AIC_sex_geno",0.050383967829508,0.043552197813893,0.00745360151591031,NA,NA,0.0493424607869922,NA,NA,0.0120957568459948,NA,NA
"46","Betaine","AIC_int",0.217140128022301,0.21150804261239,5.77885631765591e-09,NA,NA,0.195602795670487,NA,NA,2.78704366358008e-08,NA,NA
"47","Biopterin","AIC_int",0.1714285160226,0.165467570094705,3.33229077133566e-07,NA,NA,0.158709818889106,NA,NA,1.12086144126745e-06,NA,NA
"48","Cadaverine","AIC_int",0.290577548925913,0.285473790285092,5.354137450197e-12,NA,NA,0.253568226126508,NA,NA,4.50234285584748e-11,NA,NA
"49","cAMP","AIC_int",0.119580950652181,0.113247000656873,2.66946471173811e-05,NA,NA,0.113046246479046,NA,NA,6.9556474883317e-05,NA,NA
"50","Carnitine","AIC_int",0.0268133394598554,0.0198119965782717,0.0523546778272451,NA,NA,0.026422069258452,NA,NA,0.0739359954048881,NA,NA
"51","Carnosine","AIC_int",0.0151732873470493,0.00808820308335911,0.14561168868885,NA,NA,0.0149767025116327,NA,NA,0.182014610861063,NA,NA
"52","cGMP","AIC_int",0.106136820253469,0.09970614989558,8.07487443220569e-05,NA,NA,0.100454144263691,NA,NA,0.000201522553376698,NA,NA
"53","Cholecalciferol","AIC_sex",0.102802950590422,0.0963482955586989,0.00010609434663472,NA,NA,0.0980820716502702,NA,NA,0.000254902001654848,NA,NA
"54","Cholesteryl Sulfate","AIC_null",0.0190050452175254,0.01194752755722,0.103058365289714,NA,NA,0.0188590331657357,NA,NA,0.134793542300304,NA,NA
"55","Choline","AIC_int",0.504758278260717,0.501195388176261,5.82016068572397e-23,NA,NA,0.396858046715151,NA,NA,1.07672972685894e-20,NA,NA
"56","Citraconic Acid","AIC_int",0.0779688733520536,0.0713355558941547,0.000799124661512901,NA,NA,0.0746776130461552,NA,NA,0.00167997798158962,NA,NA
"57","Citrulline","AIC_int",0.0559555271108366,0.0491638402555189,0.00474199622406119,NA,NA,0.0545566689296357,NA,NA,0.00797517546773927,NA,NA
"58","Creatine","AIC_null",0.00926860233926058,0.00214103832731283,0.256103333258442,NA,NA,0.00920305399942421,NA,NA,0.303712286235972,NA,NA
"59","Cystathionine","AIC_int",0.0584481154685321,0.0516743609035575,0.00387499737665079,NA,NA,0.0570083979816031,NA,NA,0.00676296711962638,NA,NA
"60","Cysteinyl-Glycine (Cys-Gly)","AIC_int",0.0755127877502681,0.0688618006117808,0.000974814472250337,NA,NA,0.0725938474712589,NA,NA,0.0020262997456889,NA,NA
"61","Cystine","AIC_int",0.0654602033181213,0.0587368954283236,0.00219742846485215,NA,NA,0.0634915339145872,NA,NA,0.00427920279997523,NA,NA
"62","Cytidine","AIC_int",0.0600097317363336,0.0532472118207677,0.00341485842529074,NA,NA,0.0583761198090937,NA,NA,0.00618374186505576,NA,NA
"63","D-Leucic Acid","AIC_sex",0.0560874836501774,0.0492967461224808,0.00469155380591124,NA,NA,0.0543328468177129,NA,NA,0.00796272893663834,NA,NA
"64","DCDP","AIC_int",0.018324252344457,0.0112618368936978,0.109495996033535,NA,NA,0.0181243320446033,NA,NA,0.139641428851193,NA,NA
"65","Deoxycarnitine","AIC_int",0.308306744954536,0.303330534486583,8.96380752356495e-13,NA,NA,0.268570208969055,NA,NA,9.75473171682068e-12,NA,NA
"66","Deoxyguanosine","AIC_int",0.298817651198342,0.293773173868834,2.34556855025734e-12,NA,NA,0.260916872547031,NA,NA,2.28384306209267e-11,NA,NA
"67","DHAP/D-GA3P","AIC_sex_geno",0.158840665334963,0.152789159330178,9.84436355160532e-07,NA,NA,0.147265172073776,NA,NA,3.19510045095962e-06,NA,NA
"68","Dimethylarginine (A/SDMA)","AIC_int",0.0200090853898123,0.0129587910400988,0.0942999281295355,NA,NA,0.0197813330790419,NA,NA,0.12641657031858,NA,NA
"69","Dimethylglycine","AIC_int",0.156908064315026,0.150842654705782,1.16120978407659e-06,NA,NA,0.1462076898917,NA,NA,3.64108152634186e-06,NA,NA
"70","Ergocalciferol","AIC_sex",0.131993916622658,0.125749268540806,9.51426936981477e-06,NA,NA,0.12439524248447,NA,NA,2.66687853547838e-05,NA,NA
"71","Erythrose-4-Phosphate","AIC_int",0.340303602190122,0.335557584939691,3.17945595845036e-14,NA,NA,0.288668639252117,NA,NA,6.53554835903685e-13,NA,NA
"72","Ethanolamine","AIC_int",0.181530879701727,0.175642612649221,1.38325490232869e-07,NA,NA,0.164380981152206,NA,NA,4.92119532559244e-07,NA,NA
"73","FAD","AIC_int",0.220424779901968,0.214816325081119,4.28413602835338e-09,NA,NA,0.199174171295714,NA,NA,2.26447190070107e-08,NA,NA
"74","Fructose","AIC_int",0.261508844098524,0.256195958084844,9.17488278969906e-11,NA,NA,0.232523246281042,NA,NA,7.07230548372635e-10,NA,NA
"75","G1P/F1P/F6P","AIC_int",0.319398701746798,0.314502289529149,2.86547873294045e-13,NA,NA,0.273368571032632,NA,NA,4.02767052146867e-12,NA,NA
"76","G6P","AIC_int",0.310490214999124,0.305529712948758,7.17124355039615e-13,NA,NA,0.266696410963959,NA,NA,8.29175035514554e-12,NA,NA
"77","gamma-Aminobutyrate","AIC_int",0.0435704781177903,0.0366896901905802,0.012993128270151,NA,NA,0.0426032594143557,NA,NA,0.0201994010922516,NA,NA
"78","Glucoronate","AIC_int",0.101535826846184,0.0950720558163002,0.000117676849070473,NA,NA,0.0961793711058498,NA,NA,0.000275572368076424,NA,NA
"79","Glucosamine","AIC_int",0.316912811807741,0.311998515489811,3.70567490684938e-13,NA,NA,0.276766342840506,NA,NA,4.57033238511424e-12,NA,NA
"80","Glucose","AIC_int",0.337042817797645,0.332273341666692,4.49972985733246e-14,NA,NA,0.294011453937735,NA,NA,8.06070394099372e-13,NA,NA
"81","Glutamic acid","AIC_int",0.00637973582543092,-0.000768611398846542,0.346446176778816,NA,NA,0.0063662907736931,NA,NA,0.393205783460619,NA,NA
"82","Glutamine","AIC_sex_geno",0.104354030630469,0.0979105344479542,9.3446638839999e-05,NA,NA,0.100028282657467,NA,NA,0.000227468791913155,NA,NA
"83","Glutaric Acid","AIC_int",0.0599088951104298,0.0531456497515121,0.00344284006540942,NA,NA,0.0580283746303615,NA,NA,0.00618374186505576,NA,NA
"84","Glyceraldehyde","AIC_int",0.35948062976362,0.354872576740336,3.98546786413927e-15,NA,NA,0.308874183579284,NA,NA,1.05330222123681e-13,NA,NA
"85","Glycerol-3-P","AIC_geno",0.00651788611917179,-0.000629467218100199,0.341260662382454,NA,NA,0.00650279160168483,NA,NA,0.389711250251567,NA,NA
"86","Glycerophosphocholine","AIC_int",0.00245492697293562,-0.00472165628625199,0.559582341679226,NA,NA,0.00245217226077766,NA,NA,0.598397301795704,NA,NA
"87","Glycine","AIC_sex_geno",0.033462094865564,0.0265085847566832,0.0299198144073039,NA,NA,0.0328779725490177,NA,NA,0.0435839816169388,NA,NA
"88","GMP","AIC_int",0.00523861226661724,-0.00191794447966598,0.39370748753826,NA,NA,0.00520986555114744,NA,NA,0.436143025117234,NA,NA
"89","Guanine","AIC_int",0.25458063604791,0.249217906810844,1.77822614033619e-10,NA,NA,0.22712986911312,NA,NA,1.21841420726739e-09,NA,NA
"90","Guanosine","AIC_int",0.0139636295002723,0.00686984266214485,0.162844282109773,NA,NA,0.0138061041419259,NA,NA,0.20084128126872,NA,NA
"91","Histamine","AIC_sex_geno",0.109566190785688,0.103160192158247,6.09433801504513e-05,NA,NA,0.104993529443912,NA,NA,0.000156590629553243,NA,NA
"92","Histidine","AIC_int",0.0637323737041024,0.0569966353854269,0.00252690724959389,NA,NA,0.0610680524876856,NA,NA,0.0046747784117487,NA,NA
"93","Homoarginine","AIC_int",0.219857099138243,0.214244560283123,4.51192949229691e-09,NA,NA,0.201081830153486,NA,NA,2.31863043354147e-08,NA,NA
"94","Homocitrulline","AIC_sex_geno",0.0188451374683063,0.0117864693925388,0.104532680462109,NA,NA,0.018700366782022,NA,NA,0.135234586611819,NA,NA
"95","Hydrocinnamic Acid","AIC_sex",0.0500148753413951,0.0431804499841391,0.00768072422703489,NA,NA,0.0487274102951114,NA,NA,0.0123559476695779,NA,NA
"96","Hypotaurine","AIC_int",0.000734969822058037,-0.0064539872295819,0.749642815521285,NA,NA,0.000734835456811382,NA,NA,0.770031973058378,NA,NA
"97","Hypoxanthine","AIC_int",0.149750873440972,0.1436339732499,2.13503884650066e-06,NA,NA,0.13835618942516,NA,NA,6.47511781315773e-06,NA,NA
"98","Imidazoleacetic Acid","AIC_int",0.246976786842141,0.241559353653955,3.65231040873402e-10,NA,NA,0.218323417029869,NA,NA,2.17960459876062e-09,NA,NA
"99","IMP","AIC_int",0.0233056192812913,0.0162790410027395,0.0707264024543391,NA,NA,0.0228912949828942,NA,NA,0.0969213663263165,NA,NA
"100","Indole-2-Carboxylic Acid","AIC_sex_geno",0.132696596367225,0.126457003535335,8.971811565446e-06,NA,NA,0.123484666614402,NA,NA,2.55351559939617e-05,NA,NA
"101","Indole-3-Carboxylic Acid","AIC_sex_geno",0.187745563986339,0.181902006892716,8.01721737922024e-08,NA,NA,0.170156491363141,NA,NA,2.90820630422695e-07,NA,NA
"102","Inosine","AIC_int",0.00999814536578856,0.00287582986482304,0.238113948654255,NA,NA,0.00992526036416277,NA,NA,0.287915558830309,NA,NA
"103","iso-Leucine /allo-isoLeucine","AIC_int",0.131342393640125,0.125093058342572,1.00461940840877e-05,NA,NA,0.123251994542446,NA,NA,2.7654059925911e-05,NA,NA
"104","isoValeric Acid /3-Oxobutanoic Acid/4-Oxobutanoic Acid","AIC_sex_geno",0.0482194369030678,0.0413720947225144,0.00888935186074008,NA,NA,0.0472720649508364,NA,NA,0.0140558127712557,NA,NA
"105","Kynurenic Acid","AIC_int",0.202666509600629,0.196930297439483,2.13236013044922e-08,NA,NA,0.184774131295458,NA,NA,9.36652241126265e-08,NA,NA
"106","L-2-Aminobutyric Acid","AIC_int",0.0909280818864572,0.0843879961446332,0.00027937940816239,NA,NA,0.0867212114097768,NA,NA,0.000630307201341977,NA,NA
"107","L-Kynurenine","AIC_int",0.226028192744206,0.220460050245963,2.56440822158216e-09,NA,NA,0.203584621800254,NA,NA,1.43762279088697e-08,NA,NA
"108","Lactate","AIC_sex_geno",0.0645532685745041,0.0578234359743207,0.00236461926895272,NA,NA,0.0625845323454649,NA,NA,0.00455681838287763,NA,NA
"109","Lactose/Trehalose","AIC_int",0.0252711221469402,0.0182586841767743,0.0597220925267453,NA,NA,0.0247821269085803,NA,NA,0.0837014175564234,NA,NA
"110","Leucine /D-Norleucine","AIC_int",6.87127475911207e-05,-0.00712503752041171,0.922285143106969,NA,NA,6.87119134343869e-05,NA,NA,0.927297562362985,NA,NA
"111","Linoleic Acid","AIC_sex_geno",0.291728263438362,0.286632783319214,4.77387749254817e-12,NA,NA,0.254499878880902,NA,NA,4.20555874343529e-11,NA,NA
"112","Linolenic Acid","AIC_int",0.223368025423888,0.217780745031254,3.27322682859194e-09,NA,NA,0.201817849901549,NA,NA,1.78102048026326e-08,NA,NA
"113","Lysine","AIC_int",0.236011030957206,0.230514707438913,1.01924001005441e-09,NA,NA,0.213220872808239,NA,NA,5.89248130812706e-09,NA,NA
"114","Maleic Acid","AIC_sex",0.152888428507369,0.146794100654905,1.63558225555328e-06,NA,NA,0.142275800823706,NA,NA,5.04304528795595e-06,NA,NA
"115","Margaric Acid","AIC_int",0.131201859953894,0.124951513622627,1.01647355403349e-05,NA,NA,0.124400102940635,NA,NA,2.7654059925911e-05,NA,NA
"116","Methionine","AIC_int",0.106826264870351,0.100400554545677,7.63111577350268e-05,NA,NA,0.100606861395907,NA,NA,0.00019339129015041,NA,NA
"117","Myristic Acid","AIC_int",0.197501201884802,0.191727829236491,3.38080647187468e-08,NA,NA,0.181837311243529,NA,NA,1.38988710510403e-07,NA,NA
"118","N-Ac-Alanine","AIC_int",0.0880682765544975,0.0815076166735946,0.000352453777802005,NA,NA,0.0845021882307043,NA,NA,0.000776237486825845,NA,NA
"119","N-Ac-Arginine","AIC_int",0.0344852571387861,0.0275391079095688,0.0274769512074073,NA,NA,0.0340216537433903,NA,NA,0.0403431426457964,NA,NA
"120","N-Ac-L-Glutamine","AIC_int",0.0189608955433517,0.0119030602594909,0.103463151387261,NA,NA,0.0187580690015532,NA,NA,0.134793542300304,NA,NA
"121","N-Ac-Phenylalanine","AIC_sex_geno",0.0638750226477921,0.0571403105805101,0.00249792590444379,NA,NA,0.0617219548931046,NA,NA,0.00466784133658688,NA,NA
"122","N-Acetyl-Aspartate (NAA)","AIC_int",0.000732014750447898,-0.00645696356069991,0.750129982723746,NA,NA,0.000731855988184292,NA,NA,0.770031973058378,NA,NA
"123","N-AcetylGlycine","AIC_int",0.00570000337490378,-0.00145323401088815,0.373581896705402,NA,NA,0.00567969783626487,NA,NA,0.416341270424695,NA,NA
"124","n-Glycylproline","AIC_int",0.0281696326710447,0.0211780472945775,0.0466612918455571,NA,NA,0.0277158242775138,NA,NA,0.0664026076263697,NA,NA
"125","N2,N2-Dimethylguanosine","AIC_int",0.0864103718237352,0.0798377845706686,0.000403224410767842,NA,NA,0.0829102003952147,NA,NA,0.000877606070494715,NA,NA
"126","N6-Acetyl-Lysine","AIC_int",0.253852252466062,0.248484283059344,1.90570996816108e-10,NA,NA,0.228000350926544,NA,NA,1.25912980039214e-09,NA,NA
"127","N6-Trimethyllysine","AIC_int",0.303022094812057,0.29800786527833,1.53396422747463e-12,NA,NA,0.268503473186827,NA,NA,1.57657434490448e-11,NA,NA
"128","NAD","AIC_int",0.00800294547653656,0.000866276019533263,0.291457415084264,NA,NA,0.00794328550106405,NA,NA,0.341381126156058,NA,NA
"129","NADH","AIC_int",0.0230666260226265,0.0160383283681131,0.0722039016790475,NA,NA,0.0228555197719806,NA,NA,0.0982185427251749,NA,NA
"130","Neopterin","AIC_int",0.127694063315409,0.121418481037103,1.3616692053581e-05,NA,NA,0.119766247145323,NA,NA,3.65085221726447e-05,NA,NA
"131","Niacinamide","AIC_int",0.0995066259221404,0.093028256324458,0.000138894543268669,NA,NA,0.0950526945188268,NA,NA,0.000321193631308798,NA,NA
"132","Nicotinic Acid","AIC_sex_geno",0.00619888504839261,-0.000950763260611609,0.353396149258435,NA,NA,0.00617494175511248,NA,NA,0.398648095200064,NA,NA
"133","o-Phosphoethanolamine","AIC_int",0.0881008955645119,0.0815404703527458,0.00035152150195004,NA,NA,0.085361263481595,NA,NA,0.000776237486825845,NA,NA
"134","Ornithine","AIC_int",0.00735549358134273,0.000214166197035848,0.311924387646468,NA,NA,0.00734565856624425,NA,NA,0.36293089128677,NA,NA
"135","Orotate","AIC_int",0.0208599778686567,0.0138158050475681,0.0875039386254863,NA,NA,0.0204501685833186,NA,NA,0.11816225288843,NA,NA
"136","Oxalacetate","AIC_int",0.274140162339258,0.268918149118678,2.70472758218365e-11,NA,NA,0.240828855665381,NA,NA,2.17554175088685e-10,NA,NA
"137","Oxidized Glutathione","AIC_int",0.00600245960588953,-0.00114860183579468,0.361160849011841,NA,NA,0.00598726632650021,NA,NA,0.404937921619337,NA,NA
"138","Palmitic Acid","AIC_sex_geno",0.31880260586753,0.313901905190318,3.04796688111143e-13,NA,NA,0.27578560008945,NA,NA,4.02767052146867e-12,NA,NA
"139","Pantothenate","AIC_int",0.160732938744646,0.154695046217629,8.37208586092567e-07,NA,NA,0.149512325230622,NA,NA,2.76577836477009e-06,NA,NA
"140","PEP","AIC_int",0.319591037700727,0.314696009194977,2.80892999073506e-13,NA,NA,0.273174777277502,NA,NA,4.02767052146867e-12,NA,NA
"141","Phenylacetic Acid","AIC_sex",0.194819963047214,0.189027300910863,4.29020117057097e-08,NA,NA,0.176723394835775,NA,NA,1.68869620543751e-07,NA,NA
"142","Phenylalanine","AIC_int",0.0185645430236145,0.0115038562827773,0.107175272546757,NA,NA,0.0183398754579628,NA,NA,0.137690454313542,NA,NA
"143","Phosphorylcholine","AIC_int",0.00459503972422841,-0.00256614704034552,0.424477814439176,NA,NA,0.00459355363349963,NA,NA,0.467430926614568,NA,NA
"144","Phosphoserine","AIC_int",0.00799962512829634,0.000862931783895626,0.29155793477112,NA,NA,0.00798218822649406,NA,NA,0.341381126156058,NA,NA
"145","Phosphotyrosine","AIC_geno",0.00992612651850006,0.00280329289633108,0.239820253860891,NA,NA,0.00987112381472072,NA,NA,0.288095759508214,NA,NA
"146","Pipecolate","AIC_int",0.0168811955497333,0.00980839839541492,0.124639301896742,NA,NA,0.0167385097263156,NA,NA,0.156858985380253,NA,NA
"147","Proline","AIC_int",0.0579746787703471,0.0511975181859611,0.00402643415889864,NA,NA,0.0566365315078401,NA,NA,0.00696159177005839,NA,NA
"148","Pseudouridine","AIC_sex_geno",0.0118026210338044,0.00469328737217711,0.199722450041921,NA,NA,0.0117506532683435,NA,NA,0.244693067932155,NA,NA
"149","Putrescine","AIC_int",0.0992554627949448,0.0927752862682898,0.000141772022226199,NA,NA,0.0948067637680187,NA,NA,0.00032380029767712,NA,NA
"150","Pyridoxamine","AIC_int",0.216630056536433,0.210994301547486,6.05316287996923e-09,NA,NA,0.194978344738501,NA,NA,2.79958783198577e-08,NA,NA
"151","Pyroglutamic Acid","AIC_int",0.00172601412486831,-0.00545581311164334,0.624740238103334,NA,NA,0.0017192491894682,NA,NA,0.664235310627108,NA,NA
"152","Pyruvate","AIC_int",0.101911089180548,0.0954500178796883,0.00011412162901454,NA,NA,0.0949906031776988,NA,NA,0.000270673094457563,NA,NA
"153","Reduced Glutathione","AIC_sex_geno",0.0380396766441793,0.0311190987783101,0.0204693682563249,NA,NA,0.0374248984118729,NA,NA,0.0310396157985255,NA,NA
"154","Retinol","AIC_sex",0.158370059046218,0.15231516738468,1.0248609520444e-06,NA,NA,0.146346995153595,NA,NA,3.26895303669335e-06,NA,NA
"155","Riboflavin","AIC_int",0.0851682741332827,0.0785867509256086,0.00044597360830152,NA,NA,0.0818038761224346,NA,NA,0.000959361831811408,NA,NA
"156","Ribose-5-P","AIC_int",0.144467661093984,0.138312752180991,3.33843841346707e-06,NA,NA,0.133092957633448,NA,NA,9.80335089668901e-06,NA,NA
"157","Ribulose 5-Phosphate","AIC_sex_geno",0.209302273666111,0.203613800814788,1.17500714355814e-08,NA,NA,0.188569985589547,NA,NA,5.30186150142087e-08,NA,NA
"158","S-Adenosylmethionine (SAM)","AIC_int",0.148725424282543,0.142601146759396,2.32894497966582e-06,NA,NA,0.13657993347329,NA,NA,6.94927131029318e-06,NA,NA
"159","S-Methylcysteine","AIC_int",0.189651797866854,0.18382195468604,6.77727875792102e-08,NA,NA,0.173264178084264,NA,NA,2.50759314043078e-07,NA,NA
"160","SAH","AIC_int",0.0576550380260461,0.0508755778679602,0.00413202453465615,NA,NA,0.0557588593609307,NA,NA,0.00707800498992026,NA,NA
"161","Sarcosine","AIC_int",0.484126919494595,0.480415602368657,1.01315973874568e-21,NA,NA,0.381005614678601,NA,NA,9.37172758339751e-20,NA,NA
"162","Sedoheptulose 7-Phosphate","AIC_sex_geno",0.105994179636221,0.0995624830868417,8.16983324500127e-05,NA,NA,0.0998343521838453,NA,NA,0.000201522553376698,NA,NA
"163","Serine","AIC_int",0.0354005680835578,0.0284610038251663,0.0254654437185856,NA,NA,0.0350579918355401,NA,NA,0.0376888567035066,NA,NA
"164","Sorbitol","AIC_int",0.0361342854502418,0.0291999997340565,0.0239624816458416,NA,NA,0.0356529638527331,NA,NA,0.0357504766490379,NA,NA
"165","Spermidine","AIC_int",0.0409825382537717,0.0340831320541586,0.0160646755083262,NA,NA,0.0399537345529567,NA,NA,0.0247663747420029,NA,NA
"166","Suberic Acid","AIC_int",0.052149457955376,0.045330389307573,0.00645741049370264,NA,NA,0.0507669529642734,NA,NA,0.0107623508228377,NA,NA
"167","Succinate","AIC_int",0.0190790128132811,0.0120220272939523,0.102384031788993,NA,NA,0.018826405361822,NA,NA,0.134793542300304,NA,NA
"168","Succinylcarnitine","AIC_int",0.21695794988999,0.211324553846034,5.8753893448445e-09,NA,NA,0.194234658761454,NA,NA,2.78704366358008e-08,NA,NA
"169","Sucrose","AIC_int",0.0518410818580093,0.0450197946771317,0.00662119258842903,NA,NA,0.0507402485526549,NA,NA,0.0109367913291015,NA,NA
"170","Taurine","AIC_int",0.359796027213194,0.355190243236311,3.84972485329802e-15,NA,NA,0.305204927617268,NA,NA,1.05330222123681e-13,NA,NA
"171","Thiamine","AIC_int",0.000813778940684903,-0.00637461113887849,0.737029112272815,NA,NA,0.000812277460347889,NA,NA,0.766013403204892,NA,NA
"172","Threonine","AIC_int",0.256561648878185,0.251213171531985,1.47254006445975e-10,NA,NA,0.229971895933259,NA,NA,1.08967964770021e-09,NA,NA
"173","Trigonelline","AIC_int",0.000947399808537584,-0.00624002896981835,0.717110666678874,NA,NA,0.000944285564105387,NA,NA,0.749522448223682,NA,NA
"174","Tryptophan","AIC_int",0.0495955838559076,0.0427581420131443,0.00794722738050072,NA,NA,0.0486848066115239,NA,NA,0.0126744574602813,NA,NA
"175","Tyrosine","AIC_int",0.218009651741145,0.212383821897556,5.33926118735507e-09,NA,NA,0.19635763374599,NA,NA,2.66963059367754e-08,NA,NA
"176","UDP-GlcNAc","AIC_int",0.0457520753255855,0.0388869823423164,0.0108707008054688,NA,NA,0.0443557698082339,NA,NA,0.0170430478729808,NA,NA
"177","UDP-Glucose","AIC_int",0.0182520959531263,0.0111891613916381,0.110203506012293,NA,NA,0.0180386671232028,NA,NA,0.139641428851193,NA,NA
"178","UMP","AIC_int",0.015017393562975,0.00793118776126989,0.147713295357968,NA,NA,0.014826270395253,NA,NA,0.18340241369949,NA,NA
"179","Uracil","AIC_int",0.196092978519024,0.190309474767362,3.83173030493651e-08,NA,NA,0.182632137765683,NA,NA,1.5410219704636e-07,NA,NA
"180","Urate","AIC_int",0.352491831983509,0.347833499839506,8.55332188494258e-15,NA,NA,0.298453350385008,NA,NA,1.97795568589297e-13,NA,NA
"181","Uridine","AIC_int",0.0585614857871753,0.0517885468360039,0.00383959095266788,NA,NA,0.0569368444083749,NA,NA,0.00676296711962638,NA,NA
"182","Valine","AIC_int",0.0736049354214791,0.0669402227266696,0.00113746450788676,NA,NA,0.0714617951125404,NA,NA,0.0023381214884339,NA,NA
"183","Xanthine","AIC_int",0.202434508538261,0.196696627304724,2.17708358748267e-08,NA,NA,0.184192194037028,NA,NA,9.36652241126265e-08,NA,NA
"184","Xanthosine","AIC_int",0.00716429293779324,2.15900092881416e-05,0.318320495756987,NA,NA,0.00711791541349637,NA,NA,0.365771998230078,NA,NA
"185","Xanthurenic Acid","AIC_int",0.0036132684758525,-0.00355498139122767,0.478908513585817,NA,NA,0.00359970344397166,NA,NA,0.52424896457619,NA,NA
