"COMPOUND","QC_S_cv","ESI Mode","HMDB ID","KEGG ID","Molecular Formula","CAS","Pathways"
"1-Methyladenosine",0.0775333554165662,"POS","HMDB03331","C02494","C11H15N5O4","15763-06-1","NA"
"1-Methylnicotinamide",0.0797147728607427,"POS","HMDB00699","C02918","C7H9N2O","3106-60-3","Nicotinate, nicotinamide metabolism; Bile secretion"
"1/3-Methylhistidine",0.0856681128254871,"POS","HMDB00001","C01152","C7H11N3O2","332-80-9","Histidine metabolism"
"2'-Deoxycytidine",0.0867633097022002,"POS","HMDB00014","C00881","C9H13N3O4","951-77-9","Pyrimidine metabolism; ABC Transporters"
"2-Aminoadipate",0.0888570730631176,"NEG","HMDB00510","C00956","C4H6N4O3","542-32-5","Lysine biosynthesis; Lysine degradation; Penicillin, cephalosporin biosynthesis"
"2-Aminoisobutyric Acid",0.082419493642418,"POS","HMDB01906","C03665","C4H9NO2","62-57-7","NA"
"2-Hydroxyglutarate",0.0644407126528917,"NEG","HMDB59655","C02630","C5H8O5","2889-31-8","Butanoate metabolism; C5-Branched dibasic acid metabolism"
"2-Hydroxyisobutyrate/2-Hydroxybutyrate",0.0928160371002596,"NEG","HMDB00729","N/A","C4H8O3","594-61-4","NA"
"2-Hydroxyphenylacetate",0.100001686142129,"NEG","HMDB62635","C01983","C8H8O3","611-71-2","Aminobenzoate degradation; Microbial metabolism"
"2-isoPropylmalic Acid",0.105717399560293,"NEG","HMDB00402","C02504","C7H12O5","3237-44-3","Branched chain amino acid biosynthesis; Pyruvate metabolism; Biosynthesis of secondary metabolites; 2-Oxocarboxylic acid metabolism; Biosynthesis of amino acids"
"3-(4-Hydroxyphenyl)Propionate",0.037900658284149,"NEG","HMDB02199","C01744","C9H10O3","501-97-3","NA"
"3-Aminoisobutyrate",0.104333116143398,"POS","HMDB03911","C03284","C4H9NO2","144-90-1","Branched chain amino acid degradation"
"3-Hydroxyisovaleric Acid",0.414486723626515,"NEG","HMDB00754","C20827","C5H10O3","625-08-1","Branched chain amino acid degradation"
"3-Hydroxypropionic Acid",0.0459786522077859,"NEG","HMDB00700","C01013","C3H6O3","503-66-2","Pyrimidine metabolism; beta-Alanine metabolism; Propanoate metabolism; Carbon fixation pathways in prokaryotes"
"3-Methyl-3-Hydroxyglutaric Acid",0.0846665086514526,"NEG","HMDB0000355","C03761","C6H10O5","503-49-1","Lipid metabolism; Lipid transport; Fatty acid metabolism; Lipid peroxidation"
"3HBA",0.0926593620248125,"NEG","HMDB0000357","C01089","C4H8O3","300-85-6","Synthesis, degradation of ketone bodies; Butanoate metabolism; cAMP signaling pathway"
"4-Guanidinobutanoate",0.0537590463444903,"POS","HMDB03464","C01035","C5H11N3O2","463-00-3","Arginine, proline metabolism"
"4-Hydroxybenzoic Acid",0.0492755332071998,"NEG","HMDB00500","C00156","C7H6O3","99-96-7","Ubiquinone, other terpenoid-quinone biosynthesis; Benzoate degradation; Bisphenol degration; Toluene degradation; Aminobenzoate degradation"
"4-Pyridoxic Acid",0.0834506153101771,"NEG","HMDB00017","C00847","C8H9NO4","82-82-6","Vitamin B6 metabolism; Microbial metabolism"
"5'-Methylthioadenosine",0.0283101176368505,"POS","HMDB01173","C00170","C11H15N5O3S","2457-80-9","Cysteine, methionine metabolism; Zeatin biosynthesis; Biosynthesis of plant secondary metabolites"
"5-Methylcytidine",0.0852078787043516,"POS","HMDB00982","N/A","C10H15N3O5","2140-61-6","NA"
"5,6-Dihydrouracil",0.0528793841129641,"POS","HMDB00076","C00429","C4H6N2O2","504-07-4","Pyrimidine metabolism; beta-Alanine metabolism; Pantothenate, CoA biosynthesis"
"6-Methyladenosine",0.153240390122006,"POS","HMDB04044","N/A","C11H15N5O4","1867-73-8","NA"
"7-Methylguanine",0.10013828300579,"POS","HMDB00897","C02242","C6H7N5O","578-76-7","N/A"
"Acetylcarnitine",0.0616217643229933,"POS","HMDB00201","C02571","C9H18NO4","3040-38-8","Insulin resistance"
"Acetylcholine",0.115113020893029,"POS","HMDB00895","C01996","C7H16NO2","51-84-3","Glycerophospholipid metabolism; cAMP signaling pathway; Neuroactive ligand-receptor interaction"
"Adenine",0.0307383403499961,"NEG","HMDB00034","C00147","C5H5N5","73-24-5","Purine metabolism; Zeatin biosynthesis"
"Adenosine",0.0953846185946497,"POS","HMDB00050","C00212","C10H13N5O4","58-61-7","Purine metabolism; ABC Transporters; cGMP-PKG signaling pathway"
"Adenylosuccinate",0.129420922880282,"NEG","HMDB00536","C03794","C14H18N5O11P","19046-78-7","Purine metabolism; Alanine, aspartate, glutamate metabolism"
"Adipic Acid / 3-Methylglutaric Acid",0.0440089855704753,"NEG","HMDB00448/HMDB00752","C06104/NA","C6H10O4","124-04-9/626-51-7","Caprolactam degradation; Microbial metabolsim; Degradation of aromatic compounds"
"ADP",0.0522131621524118,"NEG","HMDB01341","C00008","C10H15N5O10P2","58-64-0","Oxidative phosphorylation; Photosynthesis; Purine metabolism; Zeatin biosynthesis"
"Agmatine",0.0547564899677517,"POS","HMDB01432","C00179","C5H14N4","306-60-5","Arginine, proline metabolism"
"Alanine",0.0377119625490834,"POS","HMDB00161","C00041","C3H7NO2","56-41-7","Alanine, aspartate, glutamate metabolism; Cysteine, methionine metabolism; Taurine, hypotaurine metabolism"
"Allantoin",0.0474689278663641,"NEG","HMDB00462","C01551","C4H6N4O3","97-59-6","NA"
"Alpha-Ketoglutaric Acid",0.0996377840242394,"NEG","HMDB00208","C00026","C5H6O5","328-50-7","TCA Cycle; Pentose, glucuronate interconversions; Ascorbate, aldarate metabolsim; Arginine biosynthesis"
"Aminolevulinate",0.0643598771648528,"POS","HMDB01149","C00430","C5H9NO3","106-60-5","Glycine, serine, threonine metabolism; Porphyrin, Chlorophyll metabolism; Biosynthesis of plant secondary metabolites"
"AMP",0.0349963125580555,"NEG","HMDB00045","C00020","C10H14N5O7P","61-19-8","Purine metabolism; Zeatin biosynthesis; Biosynthesis of plant secondary metabolites; Biosynthesis of alkaloids derived from histidine, purine; Biosynthesis of plant hormones"
"Anthranilic Acid",0.157697441025077,"NEG","HMDB01123","C00108","C7H7NO2","118-92-3","Tryptophan metabolsim; Phenylalanine, tyrosine, tryptophan biosynthesis; Phenazine biosynthesis"
"Arabitol/Xylitol",0.029265667898659,"NEG","HMDB00568","C01904","C5H12O5","488-82-4","Pentose, glucuronate interconversions"
"Arginine",0.0442682929019461,"POS","HMDB00517","C00062","C6H14N4O2","74-79-3","Arginine biosynthesis; Monobactam biosynthesis; Arginine, proline metabolism"
"Argininosuccinate",0.073974644541969,"POS","HMDB00052","C03406","C10H18N4O6","2387-71-5","Arginine biosynthesis; Alanine, aspartate, glutamate metabolism; Biosynthesis of secondary metabolites; Biosynthesis of amino acids"
"Asparagine",0.0398110974791543,"POS","HMDB00168","C00152","C4H8N2O3","70-47-3","Alanine, aspartate, glutamate metabolism; Cyanamino acid metabolism; Aminoacyl-tRNA biosynthesis"
"Aspartic Acid",0.0467477141263934,"POS","HMDB00191","C00049","C4H7NO4","56-84-8","Arginine biosynthesis; Alanine, aspartate, glutamate metabolism; Glycine, serine, threonine metabolism"
"Azelaic Acid",0.0412840756433122,"NEG","HMDB00784","C08261","C9H16O4","2553-59-5","Lipid metabolism; Lipid transport; Fatty acid metabolism; Lipid peroxidation"
"betaAlanine",0.042870022441319,"POS","HMDB00056","C00099","C3H7NO2","107-95-9","Pyrimidine metabolism; beta-Alanine metabolism; Propanoate metabolism; Pantothenate, CoA biosynthesis"
"Betaine",0.0520232653782852,"POS","HMDB00043","C00719","C5H11NO2","107-43-7","Glycine, serine, threonine metabolism; ABC transporters"
"Biopterin",0.0390353145888155,"POS","HMDB00468","C06313","C9H11N5O3","22150-76-1","NA"
"Cadaverine",0.0565343598550323,"POS","HMDB02322","C01672","C5H14N2","462-94-2","Lysine degradation; Glutathione metabolism; Topane, piperidine, pyridine alkaloid biosynthesis"
"cAMP",0.0847043440373458,"POS","HMDB00058","C00575","C10H12N5O6P","60-92-4","Purine metabolism; Endocrine resistance; Biofilm formation - Pseudomonas aeruginosa, Escherichia coli"
"Carnitine",0.061928181395052,"POS","HMDB00062","C00487","C7H16NO3","541-15-1","Lysine degradation; ABC Transporters"
"Carnosine",0.128789179253595,"POS","HMDB00033","C00386","C9H14N4O3","305-84-0","Histidine metabolism; beta-Alanine metabolism"
"cGMP",0.0591893726395718,"NEG","HMDB01314","C00942","C10H12N5O7P","7665-99-8","Purine metabolism; cGMP-PKG signaling pathway; Vascular smooth muscle contraction; Gap junction"
"Cholecalciferol",0.0710919166557149,"POS","HMDB00876","C05443","C27H44O","67-97-0","Steroid biosynthesis; Biosynthesis of secondary metabolites; Vitamin digestion, Absorption; Rheumatoid arthritis"
"Cholesteryl Sulfate",0.0835821881424613,"NEG","HMDB00653","C18043","C27H46O4S","1256-86-6","Steroid hormone biosynthesis"
"Choline",0.0723893080568846,"POS","HMDB00097","C00114","C5H14NO","62-49-7","Glycine, serine, threonine metabolism; Glycerophospholipid metabolism; ABC transporters"
"Citraconic Acid",0.088075138989993,"NEG","HMDB00634","C02226","C5H6O4","498-23-7","Branched chain amino acid biosynthesis; C5-Branched dibasic acid metabolism; 2-Oxocarboxylic acid metabolism"
"Citrulline",0.0404377922866134,"NEG","HMDB00904","C00327","C6H13N3O3","372-75-8","Arginine biosynthesis; Biosynthesis of various secondary metabolites - part 3; Biosynthesis of secondary metabolites; Biosynthesis of amino acids"
"Creatine",0.153217133085103,"POS","HMDB00064","C00300","C4H9N3O2","57-00-1","Glycine, serine, threonine metabolism; Arginine, proline metabolism"
"Cystathionine",0.0814268282413892,"NEG","HMDB00099","C02291","C7H14N2O4S","56-88-2","Glycine, serine, threonine metabolism; Cysteine, methionine metabolism; Biosynthesis of secondary metabolites; Biosynthesis of amino acids"
"Cysteinyl-Glycine (Cys-Gly)",0.0410459995642204,"POS","HMDB0000078","C01419","C5H10N2O3S","19246-18-5","Glutathione metabolism"
"Cystine",0.0421587249360392,"POS","HMDB00192","C00491","C6H12N2O4S2","56-89-3","Cysteine, methionine metabolism; ABC Transporters; Ferroptosis; Protein digestion, absorption"
"Cytidine",0.092418440262492,"POS","HMDB00089","C00475","C9H13N3O5","65-46-3","Pyrimidine metabolism; ABC Transporters"
"D-Leucic Acid",0.171947711633271,"NEG","HMDB00624","C03264","C6H12O3","20312-37-2","Lipid metabolism; Lipid transport; Fatty acid metabolism; Cell signaling; Lipid peroxidation"
"DCDP",0.0463621264438136,"NEG","HMDB01245","C00705","C9H15N3O10P2","800-73-7","Pyrimidine metabolism"
"Deoxycarnitine",0.190324481518531,"POS","HMDB01161","C01181","C7H16NO2","407-64-7","Lysine degradation; ABC Transporters"
"Deoxyguanosine",0.076092553361274,"POS","HMDB00085","C00330","C10H13N5O4","961-07-9","Purine metabolism; ABC Transporters"
"DHAP/D-GA3P",0.0622322304287853,"NEG","HMDB01473","C00111","C3H7O6P","57-04-5","Glycolysis, gluconeogenesis; Pentose, glucuronate interconversions; Fructose, mannose metabolism"
"Dimethylarginine (A/SDMA)",0.0464362774643523,"POS","HMDB01539/HMDB03334","C03626","C8H18N4O2","ADMA 30315-93-6 SDMA 30344-00-4","NA"
"Dimethylglycine",0.0954595357076483,"POS","HMDB00092","C01026","C4H9NO2","1118-68-9","Glycine, serine, threonine metabolism"
"Ergocalciferol",0.0438740992341736,"POS","HMDB00900","C05441","C28H44O","50-14-6","Steroid biosynthesis; Biosynthesis of secondary metabolites"
"Erythrose-4-Phosphate",0.0267391269434619,"NEG","HMDB01321","C00279","C4H9O7P","585-18-2","Pentose phosphate pathway; Phenylalanine, tyrosine, tryptophan metabolism; Carbon fixation in photosynthetic organisms; Vitamin B6 metabolism"
"Ethanolamine",0.0621540496869946,"POS","HMDB00149","C00189","C2H7NO","141-43-5","Glycerophospholipid metabolism; Retrograde endocannabinoid signaling"
"FAD",0.0483301846683006,"POS","HMDB01248","C00016","C27H33N9O15P2","146-14-5","Riboflavin metabolism; Biosynthesis of secondary metabolites; Vitamin digestion, absorption"
"Fructose",0.0805809228917741,"NEG","HMDB00660","C00095","C6H12O6","53188-23-1","Fructose, mannose metabolism; Galactose metabolism; Starch, sucrose metabolism; Biosynthesis of secondary metabolites; Microbial metabolism"
"G1P/F1P/F6P",0.0390457475904648,"NEG","HMDB01586/HMDB01076/HMDB00124","C01094/C00085/C00103","C6H13O9P","59-56-3/15978-08-2/643-13-0","Fructose, mannose metabolism; Phenylalanine, tyrosine, tryptophan biosynthesis; Microbial metabolism; Phosphotransferase system"
"G6P",0.03479676607827,"NEG","HMDB0001401","C00092","C6H13O9P","56-73-5","Starch, sucrose metabolism; Streptomycin biosynthesis; Neomycin, kanamycin, gentamicin biosynthesis; Inositol phosphate metabolism"
"gamma-Aminobutyrate",0.0518900044379803,"NEG","HMDB0000112","C00334","C4H9NO2","56-12-2","Alanine, aspartate, glutamate metabolism; Arginine, proline metabolism; beta-Alanine metabolism; Butanoate metabolism"
"Glucoronate",0.0542076242110336,"NEG","HMDB00127","C00191","C6H10O7","6556-12-3","Pentose, glucuronate interconversions; Ascorbate, aldarate metabolism; Amino sugar, nucleotide sugar metabolism; Inositol phosphate metabolism"
"Glucosamine",0.0584411317943775,"POS","HMDB0001514","C00329","C6H13NO5","3416-24-8","Amino sugar, nucleotide sugar metabolism; Phosphotransferase system"
"Glucose",0.0628711155336728,"NEG","HMDB00122","C00031","C6H12O6","50-99-7","Glycolysis, gluconeogenesis; Pentose phosphate pathway; Galactose metabolism; Starch, sucrose metabolism"
"Glutamic acid",0.040141915359087,"POS","HMDB0000148","C00025","C7H16NO2","6893-26-1","Arginine biosynthesis; Alanine, aspartate, glutamate metabolism; Arginine, proline metabolism"
"Glutamine",0.0519898206058086,"POS","HMDB00641","C00064","C5H10N2O3","56-85-9","Arginine biosynthesis; Purine metabolism; Pyrimidine metabolism"
"Glutaric Acid",0.061470942437587,"NEG","HMDB00661","C00489","C5H8O4","110-94-1","Fatty acid degradation; Lysine degradation; Microbial metabolism"
"Glyceraldehyde",0.0596610450917886,"NEG","HMDB01051","C00577","C3H6O3","56-82-6","Pentose phosphate pathway; Fructose, mannose metabolism; Galactose metabolism; Glycerolipid metabolism"
"Glycerol-3-P",0.0479656116041063,"NEG","HMDB00126","C00093","C3H9O6P","57-03-4","Glycerolipid metabolism; Glycerophospholipid metabolism; Biosynthesis of secondary metabolites; ABC Transporters; Choline metabolism in cancer"
"Glycerophosphocholine",0.0494421173694187,"POS","HMDB00086","C00670","C8H21NO6P","28319-77-9","Glycerophospholipid metabolism; Ether lipid metabolism; Choline metabolism in cancer"
"Glycine",0.0386357121970722,"POS","HMDB00123","C00037","C2H5NO2","56-40-6","Primary bile acid biosynthesis; Purine metabolism; Glycine, serine, threonine metabolism"
"GMP",0.0421001611450956,"POS","HMDB01397","C00144","C10H14N5O8P","85-32-5","Purine metabolism; Biosynthesis of plant secondary metabolites; Biosynthesis of alkaloids derived from histidine, purine"
"Guanine",0.0516140010764239,"POS","HMDB00132","C00242","C5H5N5O","73-40-5","Purine metabolism"
"Guanosine",0.0556163371420508,"POS","HMDB00133","C00387","C10H13N5O5","118-00-3","Purine metabolism; ABC Transporters"
"Histamine",0.0984400440437837,"POS","HMDB00870","C00388","C5H9N3","51-45-6","Histidine metabolism; Biosynthesis of alkaloids derived from histidine, purine; Biosynthesis of secondary metabolites"
"Histidine",0.0670269955471265,"POS","HMDB00177","C00135","C6H9N3O2","71-00-1","Histidine metabolism; Staurosporine biosynthesis; beta-Alanine metabolism"
"Homoarginine",0.121320283055935,"POS","HMDB00670","C01924","C7H16N4O2","156-86-5","NA"
"Homocitrulline",0.0993112138094572,"POS","HMDB00679","C02427","C7H15N3O3","1190-49-4","NA"
"Hydrocinnamic Acid",0.100630971914781,"NEG","HMDB00764","C05629","C9H10O2","501-52-0","Phenylalanine metabolism; Meabolic pathways; Microbial metabolism; Degradation of aromatic compounds"
"Hypotaurine",0.0877983799861781,"POS","HMDB00965","C00519","C2H7NO2S","300-84-5","Taurine, hypotaurine metabolism"
"Hypoxanthine",0.039587451136355,"NEG","HMDB00157","C00262","C5H4N4O","68-94-0","Purine metabolism"
"Imidazoleacetic Acid",0.146971830184156,"POS","HMDB02024","C02835","C5H6N2O2","645-65-8","Histidine metabolism"
"IMP",0.0429965527516803,"NEG","HMDB00175","C00130","C10H13N4O8P","131-99-7","Purine metabholism; Biosynthesis of plant secondary metabolites; Biosynthesis of alkaloids derived from histidine, purine; Biosynthesis of plant hormones"
"Indole-2-Carboxylic Acid",0.269130464108641,"NEG","HMDB02285","N/A","C9H7NO2","1477-50-5","NA"
"Indole-3-Carboxylic Acid",0.280831401281774,"NEG","HMDB03320","C19837","C9H7NO2","771-50-6","NA"
"Inosine",0.0738645810579689,"POS","HMDB00195","C00294","C10H12N4O5","58-63-9","Purine metabolism; ABC Transporters"
"iso-Leucine /allo-isoLeucine",0.0524487369458898,"POS","HMDB00172/HMDB00557","C00407/C21096","C6H13NO2","73-32-5/1509-34-8","Branched chain amino acid Degradation, Biosynthesis; Cyanoamino acid metabolism"
"isoValeric Acid /3-Oxobutanoic Acid/4-Oxobutanoic Acid",0.0604090358165213,"NEG","HMDB00718/HMDB0001259","C08262/C00232/C00164","C5H10O2/C4H6O3/C4H6O3","503-74-2/692-29-5/541-50-4","Biosynthesis of alkaloids derived from histidine, purine; Biosynthesis of secondary metabolites; Protein digestion, absorption"
"Kynurenic Acid",0.0892429293250968,"NEG","HMDB0000715","C01717","C10H7NO3","492-27-3","Tryptophan metabolism"
"L-2-Aminobutyric Acid",0.153514195871777,"POS","HMDB00452","C02356","C4H9NO2","1492-24-6","Cysteine, methionine metabolism"
"L-Kynurenine",0.139833688558003,"POS","HMDB00684","C00328","C10H12N2O3","2922-83-0","Tryptophan metabolism; African trypanosomiasis"
"Lactate",0.0335556767223785,"NEG","HMDB00190","C00186","C3H6O3","79-33-4","Glycolysis, gluconeogenesis; Fructose, mannose metabolism; Pyruvate metabolism; Propanoate metabolism"
"Lactose/Trehalose",0.137850829142569,"NEG","HMDB00186","C00243","C12H22O11","63-42-3","Galactose metabolism; ABC Transporters; Phosphotransferase system; Carbohydrate digestion, absorption"
"Leucine /D-Norleucine",0.0627069803571783,"POS","HMDB00687","C00123","C6H13NO2","61-90-5","Branched chain amino acid degradataion; Branched chain amino acid biosynthesis"
"Linoleic Acid",0.0281703895120294,"NEG","HMDB00673","C01595","C18H32O2","60-33-3","Lenoleic acid metabolism; Biosynthesis of unsaturated fatty acids; Biosynthesis of plant secondary metabolites"
"Linolenic Acid",0.0393461769339738,"NEG","HMDB01388","C06427","C18H30O2","463-40-1","alpha-Linolenic acid metabolism; Biosynthesis of unsaturated fatty acids; Biosynthesis of plant secondary metabolites; Biosynthesis of plant hormones; Biosynthesis of secondary metabolites"
"Lysine",0.0383437031594112,"POS","HMDB00182","C00047","C6H14N2O2","56-87-1","Lysine biosynthesis; Lysine degradation; Biotin metabolism"
"Maleic Acid",0.052617506679106,"NEG","HMDB00176","C01384","C4H4O4","110-16-7","Tyrosine metabolism; Butanoate metabolism; Nicotinate, nicotinamide metabolism; Microbial metabolism"
"Margaric Acid",0.165696795800145,"NEG","HMDB02259","N/A","C17H34O2","506-12-7","Lipid metabolism; Lipid transport; Fatty acid metabolism; Cell signaling; Lipid peroxidation"
"Methionine",0.109563439505026,"POS","HMDB00696","C00073","C5H11NO2S","63-68-3","Cysteine, methionine metabolism; Glucosinolate biosynthesis; Aminoacyl-tRNA biosynthesis"
"Myristic Acid",0.027659798559069,"NEG","HMDB0000806","C06424","C14H28O2","544-63-8","Fatty acid biosynthesis"
"N-Ac-Alanine",0.0372582233388348,"NEG","HMDB00766","N/A","C5H9NO3","97-69-8","Prostate cancer"
"N-Ac-Arginine",0.163956775975117,"POS","HMDB04620","N/A","C8H16N4O3","155-84-0","NA"
"N-Ac-L-Glutamine",0.0996375394821561,"NEG","HMDB06029","N/A","C7H12N2O4","2490-97-3","NA"
"N-Ac-Phenylalanine",0.0703262875130297,"NEG","HMDB00512","C03519","C11H13NO3","2018-61-3","Phenylalanine metabolism"
"N-Acetyl-Aspartate (NAA)",0.0263347968376667,"NEG","HMDB00812","C01042","C6H9NO5","997-55-7","Alanine, aspartate, glutamate metabolism"
"N-AcetylGlycine",0.0645813008810055,"NEG","HMDB00532","N/A","C4H7NO3","543-24-8","NA"
"n-Glycylproline",0.0514282677200237,"POS","HMDB00721","N/A","C7H12N2O3","704-15-4","N/A"
"N2,N2-Dimethylguanosine",0.084409121267276,"POS","HMDB04824","N/A","C12H17N5O5","2140-67-2","NA"
"N6-Acetyl-Lysine",0.128066639100632,"POS","HMDB00206","C02727","C8H16N2O3","692-04-6","Lysine degradation"
"N6-Trimethyllysine",0.0808072796017692,"POS","HMDB01325","C03793","C9H20N2O2","19253-88-4","Lysine degradation"
"NAD",0.0512693132117117,"POS","HMDB00902","C00003","C21H28N7O14P2","53-84-9","Oxidative phosphorylation; Thiamine metabolism; Nicotinate, nicotinamide metabolism; Drug metabolism - other enzymes"
"NADH",0.0702555048225387,"NEG","HMDB01487","C00004","C21H29N7O14P2","58-68-4","Oxidative phosphorylation; Calcium signaling pathway; Thermogenesis; Aldosterone synthesis, secretion"
"Neopterin",0.0916996792096837,"POS","HMDB00845","C05926","C9H11N5O4","2009-64-5","Folate biosynthesis"
"Niacinamide",0.102884539441312,"POS","HMDB01406","C00153","C6H6N2O","98-92-0","Nicotinate, nicotinamide metabolism; Longevity regulating pathway - worm; Vitamin digestion, absorption"
"Nicotinic Acid",0.0447974679995237,"NEG","HMDB01488","C00253","C6H5NO2","59-67-6","Nicotinate, nicotinamide metabolism; Tropane, piperidine, pyridine alkaoid biosynthesis"
"o-Phosphoethanolamine",0.0263067500517593,"NEG","HMDB0000224","C00346","C2H8NO4P","1071-23-4","Glycerophospholipid metabolsim; Sphingolipid metabolsim; Cationic antimicrobial peptide (CAMP) resistance; Sphingolipid signaling pathway"
"Ornithine",0.0584242203118892,"POS","HMDB0000214","C01602","C5H12N2O2","348-66-3","Lysinuric protein intolerance; Arginine, proline metabolism; Glycine, serine metabolism; Spermidine, spermine biosynthesis; Urea cycle; Prolidase Deficiency"
"Orotate",0.120960673352745,"NEG","HMDB00226","C00295","C5H4N2O4","65-86-1","Pyrimidine metabolism"
"Oxalacetate",0.0401902585637021,"NEG","HMDB00223","C00036","C4H4O5","328-42-7","Glycolysis, gluconeogenesis; TCA Cycle; Alanine, aspartate, glutamate metabolism"
"Oxidized Glutathione",0.0636268567680469,"NEG","HMDB03337","C00127","C17H27N3O17P2","27025-41-8","Glutathione metabolism; Ferroptosis; Thryoid hormone synthesis"
"Palmitic Acid",0.0422599819495557,"NEG","HMDB0000220","C00249","C16H32O2","57-10-3","Fatty acid biosynthesis; Fatty acid elongation; Fatty acid degradation; Cutin, suberin, wax biosynthesis"
"Pantothenate",0.0444826746013294,"NEG","HMDB00210","C00864","C9H17NO5","79-83-4","beta-Alanine metabolism; Pantothenate, CoA biosynthesis; Biosynthesis of secondary metabolites; Vitamin digestion, absorption"
"PEP",0.0658318771258462,"NEG","HMDB00263","C00074","C3H5O6P","138-08-9","Glycolysis, gluconeogenesis; TCA cycle; Phenylalanine, tyruosine, tryptophan biosynthesis; Phosphonate, phosphinate metabolism"
"Phenylacetic Acid",0.206228423348327,"NEG","HMDB00209","C07086","C8H8O2","103-82-2","Phenylalanine metabolism; Styrene degradation; Microbial metabolism"
"Phenylalanine",0.0566965508659573,"POS","HMDB00159","C00079","C9H11NO2","63-91-2","Phenylalanine metabolism; Phenylalanine, tyrosine, tryptophan biosynthesis; Cyanoamino acid metabolism"
"Phosphorylcholine",0.025956166723071,"POS","HMDB01565","C00588","C5H15NO4P","3616-04-4","Glycerophospholipid metabolism; Choline metabolism in cancer"
"Phosphoserine",0.0320542051997623,"NEG","HMDB00272","C01005","C3H8NO6P","407-41-0","Glycine, serine, threonine metabolism; Cysteine, methionine metabolism; Methane metabolism"
"Phosphotyrosine",0.133148074153993,"POS","HMDB06049","C06501","C9H12NO6P","N/A","NA"
"Pipecolate",0.0754400634821798,"POS","HMDB00070","C00408","C6H11NO2","535-75-1","Lysine degradation; Topane, piperidine, pyridine alkaloid biosynthesis; Biosynthesis of plant secondary metabolites"
"Proline",0.0382882955898139,"POS","HMDB00162","C00148","C5H9NO2","147-85-3","Arginine, proline metabolism; Carbapenem biosynthesis; Prodigiosin biosynthesis"
"Pseudouridine",0.0414003266467549,"NEG","HMDB00767","C02067","C9H12N2O6","1445-07-4","Pyrimidine metabolism"
"Putrescine",0.0588574129813883,"POS","HMDB01414","C00134","C4H12N2","110-60-1","Arginine, proline metabolism; D-Arginine, D-ornithine metabolism; Glutathione metabolism"
"Pyridoxamine",0.119056327519845,"POS","HMDB01431","C00534","C3H9N3O3S","85-87-0","Vitamin B6 metabolism; Microbial metabolism; Vitamin digestion, absorption"
"Pyroglutamic Acid",0.0900044969489328,"POS","HMDB00267","C01879","C5H7NO3","98-79-3","Glutathione metabolism"
"Pyruvate",0.0453546288606813,"NEG","HMDB00243","C00022","C3H4O3","127-17-3","Glycolysis, gluconeogenesis; TCA Cyle; Branched chain amino acid biosynthesis"
"Reduced Glutathione",0.562509247629118,"NEG","HMDB00125","C00051","C10H17N3O6S","70-18-8","Cysteine, methionine metabolism; Glutathione metabolism; ABC Transporters; Ferroptosis; Thyroid hormone synthesis; Bile secretion"
"Retinol",0.0748383936024238,"POS","HMDB00305","C19962","C20H30O","68-26-8","Lipid metabolism; Lipid transport; Fatty acid metabolism; Cell signaling; Lipid peroxidation"
"Riboflavin",0.0567673143400194,"POS","HMDB00244","C00255","C17H20N4O6","83-88-5","Riboflavin metabolism; Biosynthesis of secondary metabolites; ABC Transporters; Vitamin digestion, absorption"
"Ribose-5-P",0.0489708521068957,"NEG","HMDB01548","C00117","C5H11O8P","3615-55-2","Pentose phosphate pathway; Purine metabolism; Phosphonate, phosphinate metabolism; Carbon fixation in photosynthetic organisms"
"Ribulose 5-Phosphate",0.029645543206307,"NEG","HMDB00618","C00199","C5H11O8P","4151-19-3","Pentose phsohpate pathway; Pentose, glucuronate interconversions; Lipopolysaccharide biosynthesis; Methane metabolism"
"S-Adenosylmethionine (SAM)",0.143149756573822,"POS","HMDB01185","C00019","C15H22N6O5S","485-80-3","Monobactam biosynthesis; Cysteine, methionine metabolism; Arginine, proline metabolism; Zeatin biosynthesis; Biosynthesis of plant secondary metabolites; Biosynthesis of plant hormones"
"S-Methylcysteine",0.0961818107695694,"POS","HMDB02108","C22040","C4H9NO2Se","56-84-8","ABC Transporters"
"SAH",0.11825389039592,"POS","HMDB0000939","C00021","C14H20N6O5S","979-92-0","Cysteine, methionine metabolism; Biosynthesis of amino acids"
"Sarcosine",0.037043936501945,"POS","HMDB00271","C00213","C3H7NO2","107-97-1","Glycine, serine, threonine metabolism; Arginine, proline metabolism"
"Sedoheptulose 7-Phosphate",0.0405648405245986,"NEG","HMDB01068","C05382","C7H15O10P","2646-35-7","Pentose phosphate pathway; Lipopolysaccharide biosynthesis; Carbon fixation in photosynthetic organisms; Biosynthesis of secondary metabolites"
"Serine",0.0378376234691802,"POS","HMDB00187","C00065","C3H7NO3","56-45-1","Glycine, serine, threonine metabolism; Monobactam biosynthesis; Cysteine, methionine metabolism"
"Sorbitol",0.0668889807898957,"NEG","HMDB00247","C00794","C6H14O6","50-70-4","Fructose, mannose metabolism; Galactose metabolism; ABC Transporters; Phosphotransferase system"
"Spermidine",0.2841608251032,"POS","HMDB01257","C00315","C7H19N3","124-20-9","Arginine, proline metabolism; beta-Alanine metabolism; Glutathione metabolism"
"Suberic Acid",0.0419976114651911,"NEG","HMDB00893","C08278","C8H14O4","505-48-6","Lipid metabolism; Lipid transport; Fatty acid metabolism; Lipid peroxidation"
"Succinate",0.0553590094385938,"NEG","HMDB00254","C00042","C4H6O4","110-15-6","TCA cycle; Oxidative phosphorylation; Arginine biosynthesis; Alanine, aspartate, glutamate metabolism"
"Succinylcarnitine",0.203583780111418,"POS","HMDB61717","N/A","C11H19NO6","256928-74-2","Lipid metabolism; Lipid transport; Fatty acid metabolism; Lipid peroxidation"
"Sucrose",0.0503947721104892,"NEG","HMDB00258","C00089","C12H22O11","57-50-1","Galactose metabolism; Starch, sucrose metabolism; Biosynthesis of secondary metabolites; ABC Transporters; Phosphotransferase system"
"Taurine",0.0344438025119824,"POS","HMDB00251","C00245","C2H7NO3S","107-35-7","Primary bile acid biosynthesis; Taurine, hypotaurine metabolism; Sulfur metabolism"
"Thiamine",0.0567256370657214,"POS","HMDB00235","C00378","C12H17N4OS","70-16-6","Thiamine metabolism; ABC Transporters; Sulfur relay system; Vitamin digestion, absorption"
"Threonine",0.0341934008484019,"POS","HMDB00167","C00188","C4H9NO3","72-19-5","Glycine, serine, threonine metabolism; Monobactam biosynthesis; Branched chain amino acid biosynthesis"
"Trigonelline",0.105123019837517,"POS","HMDB00875","C01004","C7H7NO2","535-83-1","Nicotinate, nicotinamide metabolism"
"Tryptophan",0.0657569004264351,"POS","HMDB00929","C00078","C11H12N2O2","73-22-3","Glycine, serine, threonine metabolism; Tryptophan metabolism; Phenylalanine, tyrosine, tryptophan biosynthesis"
"Tyrosine",0.0397318913220943,"POS","HMDB00158","C00082","C9H11NO3","60-18-4","Ubiquinone, other terpenoid-quinone biosynthesis; Monobactam biosynthesis; Tyrosine metabolism"
"UDP-GlcNAc",0.181929711861696,"NEG","HMDB00290","C00043","C17H27N3O17P2","528-04-1","Amino sugar, nucleotide sugar metabolism; Neomycin, kanamycin, gentamicin biosynthesis"
"UDP-Glucose",0.0329648624737085,"NEG","HMDB00286","C00029","C15H24N2O17P2","133-89-1","Pentose, glucuronate interconversions; Galactose metabolism; Ascorbate, aldarate metabolism; Pyrimidine metabolism"
"UMP",0.085859335719955,"POS","HMDB0000288","C00105","C9H13N2O9P","58-97-9","Pyrimidine metabolism"
"Uracil",0.0445961580563026,"NEG","HMDB00300","C00106","C4H4N2O2","66-22-8","Pyrimidine metabolsim; beta-Alanine metabolism; Pantothenate, CoA biosynthesis"
"Urate",0.035371503150398,"NEG","HMDB00289","C00366","C5H4N4O3","69-93-2","Purine metabolism; Microbial metabolism; Bile secretion"
"Uridine",0.0469081592533562,"POS","HMDB00296","C00299","C9H12N2O6","58-96-8","Pyrimidine metabolism; ABC Transporters"
"Valine",0.048598918910812,"POS","HMDB00883","C00183","C5H11NO2","72-18-4","Branched chain amino acid Degradation, Biosynthesis; Penicillin, cephalosporin biosynthesis"
"Xanthine",0.0461244827920254,"NEG","HMDB00292","C00385","C5H4N4O2","69-89-6","Purine metabolism; Caffeine metabolism; Biosynthesis of plant secondary metbolites; Biosynthesis of alkaloids derived from histidine, purine; Biosynthesis of secondary metabolites; Microbial metabolism"
"Xanthosine",0.0303669991067355,"NEG","HMDB00299","C01762","C10H12N4O6","146-80-5","Purine metabolism; Caffeine metabolism; Biosynthesis of alkaloids derived from histidine, purine; Biosynthesis of secondary metabolites; ABC Transporters"
"Xanthurenic Acid",0.055312676458143,"NEG","HMDB00881","C02470","C10H7NO4","59-00-7","Tryptophan metabolism"
