"sex","COMPOUND","mean","variance","sd","range","se","n_sex"
"female","1-Methyladenosine",-0.043977783691574,0.00766678256766389,0.0875601654159235,0.341516210300519,0.0103190644545692,72
"male","1-Methyladenosine",0.0458898612433815,0.0114291972735553,0.106907423846781,0.496629136131951,0.0128701414209966,69
"female","1-Methylnicotinamide",-0.0979174465647067,0.0162295200663807,0.127395133605569,0.617679536186245,0.0150136604771106,72
"male","1-Methylnicotinamide",0.102174726850129,0.0383952396355595,0.195947032729663,1.01897417923251,0.0235892506947856,69
"female","1/3-Methylhistidine",0.0890693685735325,0.0108099877695901,0.10397109102818,0.439682942252762,0.012253110585565,72
"male","1/3-Methylhistidine",-0.09294194981586,0.0128095620657468,0.113179335860159,0.519118730227337,0.0136251908992061,69
"female","2'-Deoxycytidine",-0.00238783929444798,0.0318285585960524,0.1784056013584,0.782207630496394,0.0210253017536981,72
"male","2'-Deoxycytidine",0.0024916583942066,0.029814568687244,0.172668956929855,0.718212464286478,0.0207868996814305,69
"female","2-Aminoadipate",-0.00579175084673497,0.0339038301600574,0.1841299273884,1.26466518624753,0.021699920045954,72
"male","2-Aminoadipate",0.00604356610094083,0.043669689819026,0.208972940399053,1.38280411201109,0.0251573857017816,69
"female","2-Aminoisobutyric Acid",-0.034924531220699,0.00452407318814264,0.0672612309443013,0.275824980510654,0.00792681208527832,72
"male","2-Aminoisobutyric Acid",0.0364429890998598,0.00607497118498577,0.0779421014919778,0.462778771196131,0.00938312637940935,69
"female","2-Hydroxyglutarate",0.0111070668873396,0.0198365836445876,0.140842407124373,0.839455903581562,0.0165984368593801,72
"male","2-Hydroxyglutarate",-0.011589982838963,0.0363457564101484,0.190645630451234,0.98199444206738,0.0229510368589461,69
"female","2-Hydroxyisobutyrate/2-Hydroxybutyrate",-0.0336165976132316,0.0217321670899255,0.14741834041233,0.665334114617297,0.0173734180294709,72
"male","2-Hydroxyisobutyrate/2-Hydroxybutyrate",0.0350781888138069,0.0238343423567683,0.154383750300245,0.722810045925197,0.0185856194824754,69
"female","2-Hydroxyphenylacetate",-0.0801905317590792,0.0770301285234856,0.277543021031849,1.42650052670761,0.0327087587071036,72
"male","2-Hydroxyphenylacetate",0.0836770766181695,0.0954526850708091,0.308954179565205,1.82253686395508,0.0371937124713712,69
"female","2-isoPropylmalic Acid",-0.0378542999236373,0.01646015013681,0.128297116634825,0.515163347708024,0.0151199601965277,72
"male","2-isoPropylmalic Acid",0.039500139050752,0.0321184042535283,0.179216082574997,0.781407335037385,0.0215750809874807,69
"female","3-(4-Hydroxyphenyl)Propionate",-0.088195271863434,0.019451133010833,0.139467318791296,0.546564371212002,0.0164363811452052,72
"male","3-(4-Hydroxyphenyl)Propionate",0.0920298489009746,0.0298716414938372,0.172834144467571,0.846502296811995,0.0208067859240776,69
"female","3-Aminoisobutyrate",-0.0278231642064967,0.00571205023800649,0.0755781068696914,0.327456405408236,0.00890696531280006,72
"male","3-Aminoisobutyrate",0.0290328669980835,0.00598030301994241,0.0773324189453712,0.45505810997867,0.00930972922592461,69
"female","3-Hydroxyisovaleric Acid",-0.105547802273167,0.0227576354328085,0.150856340379874,0.924528574657387,0.0177785902112659,72
"male","3-Hydroxyisovaleric Acid",0.110136837154609,0.0489728336932965,0.221298065272375,1.21782476704774,0.0266411563740451,69
"female","3-Hydroxypropionic Acid",0.0679407964175186,0.0260393015199944,0.161366977786641,0.97003074381652,0.0190172807087522,72
"male","3-Hydroxypropionic Acid",-0.0708947440878455,0.0220905521787312,0.148628907614674,0.845530040686552,0.0178928178363985,69
"female","3-Methyl-3-Hydroxyglutaric Acid",-0.02098382997497,0.0103230662701621,0.10160249145647,0.497731144065251,0.011973968449053,72
"male","3-Methyl-3-Hydroxyglutaric Acid",0.0218961704086643,0.00975267973596242,0.0987556567289308,0.576235899360585,0.0118887839823577,69
"female","3HBA",-0.0721778213133291,0.0245675420359212,0.156740365049725,0.759123317145283,0.0184720291687193,72
"male","3HBA",0.0753159874573869,0.0362134515837578,0.190298322598382,0.848164276999025,0.0229092259067971,69
"female","4-Guanidinobutanoate",0.203556121310643,0.0515614631460557,0.227071493468589,1.04789897198929,0.0267606321409661,72
"male","4-Guanidinobutanoate",-0.212406387454584,0.0638953211684397,0.252775238440081,1.19190287872898,0.0304305627185679,69
"female","4-Hydroxybenzoic Acid",0.033705305977977,0.0381594397803595,0.195344413230477,1.14934798378713,0.0230215598770296,72
"male","4-Hydroxybenzoic Acid",-0.0351707540639761,0.0291476765383995,0.170726906310632,0.961585888623561,0.0205531042608997,69
"female","4-Pyridoxic Acid",-0.043247826921732,0.0287088129446018,0.169436752048078,0.792006877514923,0.0199683127259033,72
"male","4-Pyridoxic Acid",0.0451281672226769,0.0521925736255111,0.228456940418782,1.19187257570736,0.0275029836656799,69
"female","5'-Methylthioadenosine",-0.0215935575563484,0.00741385634312493,0.0861037533625854,0.473508227212868,0.0101474246480497,72
"male","5'-Methylthioadenosine",0.0225324078848853,0.0223178779183663,0.149391692936275,0.95729843297582,0.0179846463980607,69
"female","5-Methylcytidine",-0.00643605206219983,0.0153305381818731,0.123816550516775,0.56457114327564,0.0145919204155897,72
"male","5-Methylcytidine",0.00671588041273027,0.022902448230719,0.151335548470011,0.724019549664101,0.018218659104765,69
"female","5,6-Dihydrouracil",0.00467067983302654,0.00180096589999585,0.042437788585126,0.226884480014088,0.00500134134785061,72
"male","5,6-Dihydrouracil",-0.00487375286924509,0.00457248325795813,0.0676201394405404,0.472988875814659,0.00814050817232813,69
"female","6-Methyladenosine",-0.0542296888265559,0.017009232572693,0.130419448598332,0.631608673550015,0.0153700794170818,72
"male","6-Methyladenosine",0.0565875013842323,0.0504547082306856,0.224621255073258,1.16966648409999,0.0270412214131903,69
"female","7-Methylguanine",0.000459906051689497,0.0435626496068475,0.208716673044698,1.32453596281536,0.0245974958094336,72
"male","7-Methylguanine",-0.000479901966980349,0.0243320799417987,0.155987435204887,0.993634122582753,0.0187786804578014,69
"female","Acetylcarnitine",0.0650143976759142,0.00984246791248426,0.0992092128407653,0.573453364383837,0.0116919178593141,72
"male","Acetylcarnitine",-0.0678411106183452,0.0318854984711997,0.178565109893282,1.04026440713154,0.0214967130858568,69
"female","Acetylcholine",-0.00732034928737975,0.0706763467214657,0.26585023363064,1.14986567308276,0.0313307504967089,72
"male","Acetylcholine",0.00763862534335281,0.0601933959898109,0.245343424590534,1.25938637585671,0.0295358774683155,69
"female","Adenine",-0.049307990819815,0.0411855942910416,0.202942342282338,0.972137105749536,0.0239169844029538,72
"male","Adenine",0.0514518165076331,0.0346202427420978,0.186065157249007,0.943037447725305,0.0223996126849595,69
"female","Adenosine",-0.0383729626313877,0.0598599072532764,0.24466284403905,1.06883329960921,0.0288337926873998,72
"male","Adenosine",0.0400413523110133,0.0852171611843219,0.291919785530755,1.64975300324605,0.0351430124137347,69
"female","Adenylosuccinate",-0.0434857387273209,0.0067716679172324,0.0822901447151018,0.412965317686986,0.0096979865588118,72
"male","Adenylosuccinate",0.0453764230198131,0.00944653677090136,0.0971932959154146,0.585997314894382,0.0117006978429948,69
"female","Adipic Acid / 3-Methylglutaric Acid",-0.0659058277596583,0.137557980802803,0.370888097413227,1.69816725502069,0.0437095814570449,72
"male","Adipic Acid / 3-Methylglutaric Acid",0.0687712985318174,0.0600654937392384,0.245082626351274,1.12432926733078,0.029504481049799,69
"female","ADP",0.0171249230091732,0.0144863037718392,0.120359061860083,0.560095239302245,0.0141844514697526,72
"male","ADP",-0.0178694848791372,0.0532092923644531,0.230671394768517,1.3900936298298,0.0277695726416922,69
"female","Agmatine",-0.00169515980417794,0.00341853150585349,0.0584682093607585,0.270059626248632,0.00689054455380452,72
"male","Agmatine",0.00176886240435958,0.00324661503543789,0.0569790754175416,0.324677260781697,0.00685947460217912,69
"female","Alanine",-0.032242835474878,0.00283792085636174,0.0532721395887357,0.211074649293401,0.00627818185858522,72
"male","Alanine",0.0336446978868292,0.00431242379296046,0.0656690474497724,0.342763506321131,0.00790562429857071,69
"female","Allantoin",-0.0180104672365305,0.0722019204114937,0.268704150342889,2.04803719253395,0.0316670878067377,72
"male","Allantoin",0.0187935310294232,0.0436750169296581,0.208985685944416,1.09918740109052,0.0251589200851332,69
"female","Alpha-Ketoglutaric Acid",0.0824606108069725,0.066833091492588,0.258520969154512,2.18065545681124,0.0304669883946789,72
"male","Alpha-Ketoglutaric Acid",-0.0860458547551018,0.164300627030595,0.40534013745322,2.96791715719141,0.0487972182372088,69
"female","Aminolevulinate",-0.0168615476223049,0.0520363913626429,0.228114864405288,1.24553248262228,0.0268835945850715,72
"male","Aminolevulinate",0.0175946583884921,0.0597220435217154,0.244380939358444,1.29981830037795,0.0294200078625679,69
"female","AMP",0.0463819251960133,0.0165788413906567,0.128758849756655,0.707307935839423,0.015174375966785,72
"male","AMP",-0.0483985306393182,0.121876622220795,0.349108324479372,1.76932428711045,0.0420277034617927,69
"female","Anthranilic Acid",0.0733375952901861,0.0497415606644047,0.223028161146535,1.20503897693258,0.0262841208570468,72
"male","Anthranilic Acid",-0.0765261863897594,0.0783834346531431,0.279970417460744,1.4604774053367,0.0337044775447906,69
"female","Arabitol/Xylitol",0.00563132155656892,0.012609256008982,0.112290943575081,0.486786126823729,0.013233614611296,72
"male","Arabitol/Xylitol",-0.00587616162424582,0.0161591612282232,0.127118689531568,0.620397885183171,0.0153032918824029,69
"female","Arginine",-0.0399952170113626,0.00279033641345419,0.0528236349890292,0.3184825909694,0.00622532508461092,72
"male","Arginine",0.0417341394901175,0.00427703822096339,0.0653990689609828,0.370472547246034,0.00787312270788297,69
"female","Argininosuccinate",-0.0237131645685304,0.0275531889743381,0.165991532839293,0.706963159824508,0.0195622897483689,72
"male","Argininosuccinate",0.0247441717236839,0.0192554835245314,0.138764129098739,0.568468045268178,0.0167052380592555,69
"female","Asparagine",0.109391762045463,0.0207730017378282,0.144128420992628,0.701691712310068,0.0169856973075994,72
"male","Asparagine",-0.114147925612657,0.0176457941746381,0.132837472780229,0.638931391307966,0.0159917524824055,69
"female","Aspartic Acid",-0.0651675566580533,0.0678610852439416,0.260501603150425,1.15277789625734,0.0307004083496054,72
"male","Aspartic Acid",0.0680009286866643,0.0686155631442701,0.261945725569764,1.15518432692678,0.0315345596348868,69
"female","Azelaic Acid",-0.0860173759808104,0.12175059974548,0.348927785860456,1.48940438950258,0.041121533921056,72
"male","Azelaic Acid",0.0897572618930196,0.0781859171167257,0.279617447804542,1.3341279026256,0.0336619849916153,69
"female","betaAlanine",0.0321898242076075,0.0212873247087267,0.145901763898613,0.688383918800239,0.017194687773298,72
"male","betaAlanine",-0.0335893817818513,0.0179107376291968,0.133831003990842,0.661994766635293,0.0161113595847625,69
"female","Betaine",-0.10523540425625,0.0275240423978991,0.165903714237805,0.834863101692116,0.0195519402269311,72
"male","Betaine",0.109810856615218,0.0587438272893994,0.242371259206613,1.21940683890642,0.0291780708030603,69
"female","Biopterin",-0.0480862891317893,0.0100012048540251,0.100006024088677,0.585024280300184,0.0117858229654348,72
"male","Biopterin",0.0501769973549105,0.0143542776874813,0.119809338899275,0.553984773790302,0.0144233494710313,69
"female","Cadaverine",-0.102903372185707,0.0174259216882692,0.13200727892154,0.659205349055892,0.0155572070152342,72
"male","Cadaverine",0.107377431845955,0.0441299902359624,0.210071393188036,1.05834865810941,0.0252896238778578,69
"female","cAMP",0.132175262846226,0.104325034144923,0.322993860847111,1.64713955012621,0.0380651915477694,72
"male","cAMP",-0.137922013404757,0.139181128401457,0.373069870669633,1.78032343899117,0.0449123346411614,69
"female","Carnitine",0.013726769626079,0.00637690109903679,0.0798555013698918,0.432417540455109,0.00941106108895035,72
"male","Carnitine",-0.0143235856967781,0.00952390010532591,0.0975904713859192,0.499121950957011,0.0117485121508362,69
"female","Carnosine",0.0339086348487551,0.0496869162771867,0.222905621905744,0.929209170118348,0.0262696794690261,72
"male","Carnosine",-0.0353829233204401,0.0461167649088322,0.214748142969461,1.15150843789494,0.0258526383899633,69
"female","cGMP",0.0806525440775812,0.0420106006506625,0.204964876626856,0.956634822120424,0.0241553423613191,72
"male","cGMP",-0.0841591764287804,0.0646657968437634,0.254294704710427,1.35059126913409,0.0306134849617586,69
"female","Cholecalciferol",-0.0767615280509823,0.0495601736385933,0.222621143736603,0.990584386543899,0.0262361533952762,72
"male","Cholecalciferol",0.0800989857923294,0.065635331697468,0.256193933763991,1.60234263917055,0.0308421252715771,69
"female","Cholesteryl Sulfate",-0.036304659217811,0.0583785188353508,0.241616470538229,1.28311863930301,0.0284747741273235,72
"male","Cholesteryl Sulfate",0.0378831226620636,0.0445531892124553,0.211076263972184,1.08424560010026,0.0254105961044484,69
"female","Choline",-0.0674490571857439,0.00500483631815512,0.070744867786682,0.34039212204996,0.00833736262435143,72
"male","Choline",0.0703816248894719,0.00512940910628809,0.0716198932300802,0.341701425313474,0.00862202194441491,69
"female","Citraconic Acid",-0.0704598560989069,0.0471248249716498,0.217082530323492,1.64450475049565,0.0255834215448126,72
"male","Citraconic Acid",0.0735233281032072,0.100646590986451,0.317248468848079,2.12003187448703,0.0381922275624301,69
"female","Citrulline",-0.0275548035081665,0.0102697148847412,0.101339601759338,0.491419737121513,0.0119429866011287,72
"male","Citrulline",0.0287528384433041,0.0117309347635675,0.108309439863603,0.582078881086697,0.0130389243152217,69
"female","Creatine",-0.0275750521132954,0.0779084640710324,0.279120877167998,1.45997724571189,0.0328947108360381,72
"male","Creatine",0.0287739674225692,0.0548045287890552,0.234103671028575,1.18683715629193,0.0281827701472853,69
"female","Cystathionine",-0.0448753496762475,0.0224041506842288,0.149680161291431,0.74420737994572,0.0176399761763778,72
"male","Cystathionine",0.0468264518360843,0.0486299724955696,0.220522045373177,1.03846389618088,0.0265477345564686,69
"female","Cysteinyl-Glycine (Cys-Gly)",0.0529229994146275,0.045879450481124,0.214194889017278,0.92372188769371,0.0252431097532695,72
"male","Cysteinyl-Glycine (Cys-Gly)",-0.0552239993891765,0.0316219827733112,0.177825708977389,0.759836435025738,0.0214076996758248,69
"female","Cystine",0.0604311206855678,0.0485860257627234,0.220422380358083,1.04667897557969,0.0259770266460802,72
"male","Cystine",-0.0630585607153751,0.0947172939273321,0.307761748642245,1.47380112664297,0.0370501606574647,69
"female","Cytidine",-0.0293460405390519,0.0114182809211197,0.106856356484393,0.473250686439499,0.0125931423805003,72
"male","Cytidine",0.0306219553450976,0.0187562142011094,0.136953328550676,0.708337050305723,0.0164872432905087,69
"female","D-Leucic Acid",-0.036729682370573,0.017534782934003,0.132418967425377,0.603598785299639,0.0156057249707008,72
"male","D-Leucic Acid",0.038326625082337,0.023295073219634,0.152627236165876,0.771034523358033,0.0183741600299521,69
"female","DCDP",0.0143160479364805,0.0138089369907703,0.117511433447007,0.623027490672906,0.0138488552428884,72
"male","DCDP",-0.0149384848032841,0.0297788076426046,0.172565372084334,0.853501091777871,0.0207744295314357,69
"female","Deoxycarnitine",0.138415615106466,0.0431387734868254,0.207698756584688,1.01693793934961,0.0244775332041745,72
"male","Deoxycarnitine",-0.144433685328486,0.0399104117236999,0.199775903761439,0.992364003021865,0.0240501926003014,69
"female","Deoxyguanosine",0.0741812348345527,0.0098437481946149,0.099215665066636,0.469443298913186,0.0116926782614253,72
"male","Deoxyguanosine",-0.0774065059143159,0.0193607414710741,0.139142881496231,0.648673592858034,0.0167508344897358,69
"female","DHAP/D-GA3P",0.109723124215119,0.0781046229651194,0.279472043262147,1.22752224747763,0.0329360961571207,72
"male","DHAP/D-GA3P",-0.114493694833168,0.0849546840898328,0.291469868236552,1.52476627351458,0.035088848736454,69
"female","Dimethylarginine (A/SDMA)",0.0253576277371794,0.040901750151031,0.202241811085223,0.846761771878264,0.023834426009635,72
"male","Dimethylarginine (A/SDMA)",-0.0264601332909698,0.0446764671120359,0.211368084421551,0.985628355143888,0.0254457271581933,69
"female","Dimethylglycine",-0.0898016723209147,0.0646613751730861,0.25428601057291,1.11287879175122,0.0299678937394965,72
"male","Dimethylglycine",0.0937060928566067,0.0398943528885995,0.199735707595311,0.890723519053609,0.0240453535505513,69
"female","Ergocalciferol",-0.0484372199957244,0.0131157814092142,0.114524152078128,0.709541318378562,0.0134968007573473,72
"male","Ergocalciferol",0.050543186082495,0.020301103088592,0.142481939517231,1.02071422944418,0.0171528098380969,69
"female","Erythrose-4-Phosphate",0.19544161108589,0.0603697077749629,0.24570247816203,1.17218399985585,0.0289563147437852,72
"male","Erythrose-4-Phosphate",-0.20393907243745,0.0938020193720594,0.306271153346278,1.3705898532091,0.0368707140711541,69
"female","Ethanolamine",-0.0706668486017483,0.0131076607495044,0.114488692670955,0.490663154130042,0.0134926218261358,72
"male","Ethanolamine",0.0737393202800852,0.0328005066317061,0.181109101460159,0.993537688391471,0.0218029736808783,69
"female","FAD",-0.0523725755942535,0.0113928827117061,0.106737447560386,0.67018398431586,0.0125791288294154,72
"male","FAD",0.0546496440983515,0.0135388005381826,0.116356351516291,0.634253759437623,0.0140076586392363,69
"female","Fructose",0.0852930234518016,0.0260155282155711,0.161293298731135,0.948649893557361,0.0190085975487888,72
"male","Fructose",-0.0890014157757929,0.0188024259410963,0.137121938219587,0.839823659917374,0.0165075415093391,69
"female","G1P/F1P/F6P",0.178598034462202,0.0528096087368861,0.229803413240287,1.1008240769434,0.0270825919736702,72
"male","G1P/F1P/F6P",-0.186363166395341,0.0882335679619151,0.297041357325735,1.26202941252041,0.0357595772034134,69
"female","G6P",0.180607293534355,0.0554448233318328,0.235467244711091,1.14331134687328,0.0277500809137541,72
"male","G6P",-0.188459784557587,0.0950640525814196,0.308324589647695,1.46051348274509,0.0371179187520575,69
"female","gamma-Aminobutyrate",0.0222821310514085,0.00777711618287501,0.08818795939852,0.372672667626474,0.0103930506849496,72
"male","gamma-Aminobutyrate",-0.0232509193579915,0.0178113837197805,0.133459296116009,0.578367736007014,0.016066611215152,69
"female","Glucoronate",-0.0419948307772944,0.0185230291908918,0.136099335747431,0.637629461000172,0.0160394605369988,72
"male","Glucoronate",0.0438206929850028,0.0151221666188335,0.12297221889042,0.604045997958069,0.0148041154769732,69
"female","Glucosamine",0.0595780247595594,0.00519786959374692,0.0720962522864186,0.36676359185675,0.00849662481497712,72
"male","Glucosamine",-0.0621683736621489,0.0106775237584236,0.103332104200116,0.502221781410025,0.0124397235152785,69
"female","Glucose",0.0616117472606324,0.00479706534295693,0.0692608500016924,0.411020841089596,0.00816246945115683,72
"male","Glucose",-0.0642905188806599,0.0117865762546828,0.108565999533384,0.475866074536051,0.0130698104699357,69
"female","Glutamic acid",0.00461825431215043,0.00388827564967258,0.0623560394001462,0.259836385444945,0.00734872971796315,72
"male","Glutamic acid",-0.00481904797789612,0.00864069550100011,0.0929553414334008,0.394728774773332,0.0111905080773389,69
"female","Glutamine",0.0671422337156511,0.0393689194908799,0.198416026295458,1.08304601911937,0.0233835529482678,72
"male","Glutamine",-0.0700614612685055,0.0332054572702333,0.18222364629826,0.917500530191635,0.0219371491120155,69
"female","Glutaric Acid",-0.0486302331195417,0.0363814232569914,0.190739149775266,0.918997065808904,0.0224788243739745,72
"male","Glutaric Acid",0.0507445910812609,0.0336482605892679,0.183434622111716,0.749695991158865,0.0220829334683846,69
"female","Glyceraldehyde",0.0741159433360264,0.00549445114465064,0.0741245650553893,0.395395168270362,0.00873566376719486,72
"male","Glyceraldehyde",-0.0773383756549841,0.0157909727419326,0.125662137264701,0.581112626127663,0.0151279435951921,69
"female","Glycerol-3-P",0.018195661271797,0.0762662439982843,0.276163437113395,1.19219936879943,0.0325461731831111,72
"male","Glycerol-3-P",-0.0189867769792665,0.10115076835655,0.318042085825995,1.70067234671097,0.0382877678193398,69
"female","Glycerophosphocholine",-0.00990259727148099,0.0130487509904032,0.114231129690655,0.629695924063384,0.0134622677378103,72
"male","Glycerophosphocholine",0.0103331449789367,0.0779025011044739,0.279110195271462,1.3431923225953,0.0336009189626906,69
"female","Glycine",0.0146974468316067,0.00649125708000421,0.0805683379498684,0.474123449184839,0.0094950696855469,72
"male","Glycine",-0.0153364662590678,0.0075475428897725,0.0868765957538191,0.441500767774691,0.010458713093011,69
"female","GMP",0.0190423184475653,0.0165052384053675,0.12847271463376,0.661749043412096,0.0151406546191627,72
"male","GMP",-0.0198702453365899,0.089700204025017,0.299499923247097,1.64965723503735,0.0360555537592242,69
"female","Guanine",0.0653711913134978,0.00925212493813302,0.0961879667013136,0.44581515997718,0.0113358605871741,72
"male","Guanine",-0.0682134170227803,0.0191848839023712,0.138509508346435,0.675323880548114,0.0166745853227761,69
"female","Guanosine",-0.0147356533412048,0.0160786113443251,0.126801464283048,0.729318037656341,0.0149436958764878,72
"male","Guanosine",0.0153763339212572,0.0150319420765043,0.122604820771878,0.630814276175049,0.0147598859410503,69
"female","Histamine",-0.0344852206672569,0.00957362297538422,0.0978448924338119,0.573208636220719,0.0115311311574028,72
"male","Histamine",0.0359845780875725,0.0110783644664181,0.105253809747762,0.690656071536737,0.0126710696770116,69
"female","Histidine",0.0304730101028897,0.0142936056580018,0.119555868354514,0.568113289592183,0.0140897942073538,72
"male","Histidine",-0.031797923585624,0.0145283368674037,0.120533550795634,0.571430276269285,0.0145105343379893,69
"female","Homoarginine",0.133146801215774,0.0781422196737974,0.279539298979227,1.79496066479739,0.0329440223193908,72
"male","Homoarginine",-0.138935792572981,0.061882419069123,0.248761771719698,1.03698355979065,0.0299473981036032,69
"female","Homocitrulline",0.0328119191290793,0.074624218050948,0.273174336369557,1.26146048436892,0.0321939042821748,72
"male","Homocitrulline",-0.0342385243086045,0.0935714904425485,0.30589457406523,1.6425962522259,0.0368253792531507,69
"female","Hydrocinnamic Acid",-0.0481280598693219,0.0457222481376719,0.213827613131868,1.5662840080307,0.0251998258750796,72
"male","Hydrocinnamic Acid",0.0502205842114663,0.0418081418757918,0.204470393641211,0.900863164455673,0.0246153427692802,69
"female","Hypotaurine",-0.00475101855290845,0.022473992207225,0.14991328229088,0.644064450222708,0.0176674497496357,72
"male","Hypotaurine",0.00495758457694794,0.0207785464342625,0.144147654973165,0.597937016384191,0.0173533384142575,69
"female","Hypoxanthine",-0.135324573017261,0.0839682970486022,0.289772836975107,1.39650648786248,0.0341500563381271,72
"male","Hypoxanthine",0.141208250104968,0.12720591897821,0.356659387901412,1.40073977714952,0.0429367446735598,69
"female","Imidazoleacetic Acid",0.068472191340255,0.0144917532179323,0.120381698018977,0.550009092423413,0.0141871191666617,72
"male","Imidazoleacetic Acid",-0.0714492431376574,0.0181967536400267,0.134895343285181,0.80492075753014,0.0162394909786842,69
"female","IMP",0.0584333984521518,0.0417963353986562,0.204441520730639,0.946853638246114,0.0240936642774541,72
"male","IMP",-0.0609739809935497,0.222602066199245,0.471807234153149,2.39598240879321,0.0567989163755641,69
"female","Indole-2-Carboxylic Acid",-0.0521881236853438,0.0120869770859375,0.109940788999977,0.655859236226847,0.0129566462384806,72
"male","Indole-2-Carboxylic Acid",0.0544571725412283,0.0282212144422425,0.167991709444968,0.962727720513995,0.0202238252528691,69
"female","Indole-3-Carboxylic Acid",-0.0650032588513823,0.0158664814035963,0.125962222128686,0.704778581244979,0.0148447902400866,72
"male","Indole-3-Carboxylic Acid",0.0678294874970946,0.0286598918480434,0.169292326607095,0.914966262111717,0.0203804011594698,69
"female","Inosine",-0.00834880066261979,0.00901401311429474,0.0949421566760243,0.466514896024435,0.0111890404676821,72
"male","Inosine",0.00871179199577717,0.0119396661519207,0.109268779401624,0.461966466540009,0.0131544152239052,69
"female","iso-Leucine /allo-isoLeucine",-0.036610025848237,0.0106716748771798,0.103303798948441,0.646395946427722,0.0121744694597957,72
"male","iso-Leucine /allo-isoLeucine",0.0382017661025082,0.0109117484459364,0.104459314787799,0.421953600250294,0.012575423723484,69
"female","isoValeric Acid /3-Oxobutanoic Acid/4-Oxobutanoic Acid",0.0354253268733127,0.0362572879616268,0.190413465809608,0.983709038579789,0.0224404421505344,72
"male","isoValeric Acid /3-Oxobutanoic Acid/4-Oxobutanoic Acid",-0.0369655584765002,0.0389017944891842,0.197235378391363,0.926557374993449,0.0237443492863387,69
"female","Kynurenic Acid",0.11175612241539,0.0568921225150361,0.23852069619854,1.18145689725196,0.028109933622554,72
"male","Kynurenic Acid",-0.116615084259537,0.0512185466695006,0.226315149005763,0.983658558323091,0.0272451422792917,69
"female","L-2-Aminobutyric Acid",0.0883637620889942,0.0676580868188502,0.260111681434822,1.4882186642066,0.0306544556347329,72
"male","L-2-Aminobutyric Acid",-0.0922056647885158,0.0803277639111113,0.283421530429696,1.63352910447875,0.0341199427236533,69
"female","L-Kynurenine",0.13696261504081,0.082700035634193,0.287576138847076,1.62367297842358,0.0338911729810353,72
"male","L-Kynurenine",-0.142917511346932,0.0634204160131666,0.251834104150265,1.11394430594698,0.0303172634642201,69
"female","Lactate",-0.0274443522670393,0.00768893535534787,0.0876865745444984,0.381342586676318,0.0103339619132391,72
"male","Lactate",0.0286375849743019,0.0175648095119195,0.132532296108984,0.884616962290591,0.0159550135284959,69
"female","Lactose/Trehalose",-0.0428045385717951,0.0845612632703084,0.290794194010658,1.26935933794358,0.0342704244191022,72
"male","Lactose/Trehalose",0.044665605466221,0.0702514841665416,0.265049965415092,1.18231820203542,0.0319082661968495,69
"female","Leucine /D-Norleucine",0.00143304065663483,0.0152410092092863,0.123454482337768,0.73552869036697,0.0145492502714851,72
"male","Leucine /D-Norleucine",-0.00149534677214069,0.017229451185472,0.131261004054792,0.601899804003398,0.0158019679500307,69
"female","Linoleic Acid",-0.0502047491015626,0.00646180505270067,0.0803853534712678,0.32772679854792,0.00947350475793518,72
"male","Linoleic Acid",0.0523875642798914,0.0083656284318883,0.0914638094105439,0.408914883616897,0.0110109487223625,69
"female","Linolenic Acid",-0.0516416521730425,0.0118581186400963,0.108894989049525,0.471713522458338,0.0128333975323591,72
"male","Linolenic Acid",0.0538869413979574,0.00962001286080249,0.0980816642436418,0.401718378952908,0.0118076448220428,69
"female","Lysine",0.0774345957244892,0.0247131461193249,0.157204154268661,0.681695431862003,0.0185266872523444,72
"male","Lysine",-0.0808013172777278,0.0171103705657948,0.130806615145392,0.536892658259606,0.0157472659535399,69
"female","Maleic Acid",-0.0962598342493487,0.0576290461679201,0.240060505222996,1.29131906907418,0.0282914018563748,72
"male","Maleic Acid",0.100445044434103,0.0484631671140991,0.220143514812722,0.991908174517804,0.0265021648320292,69
"female","Margaric Acid",-0.0399376933734462,0.0109242521070433,0.104519147083409,0.444930167091341,0.0123176996110854,72
"male","Margaric Acid",0.0416741148244655,0.0126748470704239,0.112582623305837,0.556879014639111,0.013553355149307,69
"female","Methionine",0.0597203048940915,0.0274023810057781,0.165536645507205,1.01290504796844,0.0195086807621697,72
"male","Methionine",-0.0623168398894867,0.0365411987966454,0.191157523515674,1.23535606720319,0.0230126615421974,69
"female","Myristic Acid",-0.0355600744112781,0.00447081681135923,0.0668641668710471,0.274586435134944,0.00788001763548439,72
"male","Myristic Acid",0.0371061646030728,0.00642592977931114,0.0801618973035889,0.497612280234706,0.00965035839186638,69
"female","N-Ac-Alanine",-0.0298379269925041,0.00732037818066955,0.0855592086257789,0.408339159690211,0.0100832494353738,72
"male","N-Ac-Alanine",0.0311352281660913,0.0143694879178128,0.119872798907062,0.58635354716663,0.0144309891582055,69
"female","N-Ac-Arginine",-0.0641538551337516,0.0955374976550287,0.309091406634071,1.23329475879144,0.03642677160624,72
"male","N-Ac-Arginine",0.066943153183045,0.128032542339495,0.357816352811739,1.58327949411874,0.0430760268812798,69
"female","N-Ac-L-Glutamine",0.0243851912172212,0.0299434776728495,0.17304183792612,0.771015481005392,0.0203931761710905,72
"male","N-Ac-L-Glutamine",-0.0254454169223178,0.0200611552534592,0.141637407676995,0.75421222095552,0.0170511401520519,69
"female","N-Ac-Phenylalanine",-0.0432795450080342,0.0277487258950185,0.166579488218143,0.829216571095668,0.0196315809542723,72
"male","N-Ac-Phenylalanine",0.0451612643562096,0.0284577378111701,0.168694213923211,0.758037167077298,0.020308396853779,69
"female","N-Acetyl-Aspartate (NAA)",0.00964912289068707,0.213503867602449,0.462064787234917,2.35788980862704,0.0544548574002215,72
"male","N-Acetyl-Aspartate (NAA)",-0.0100686499728908,0.214205886126537,0.462823817587791,2.25004406864546,0.0557174401087187,69
"female","N-AcetylGlycine",0.0115333099521601,0.0346346532138853,0.186103877482134,0.914935174684524,0.0219325522954546,72
"male","N-AcetylGlycine",-0.0120347582109497,0.0257413967875958,0.160441256500926,0.811460733126034,0.0193148575340167,69
"female","n-Glycylproline",0.0229464364107275,0.0155492661191204,0.12469669650444,0.520821002294677,0.014695646614975,72
"male","n-Glycylproline",-0.02394410755902,0.0197596165373577,0.140568903166233,0.674690038030373,0.0169225073249978,69
"female","N2,N2-Dimethylguanosine",0.0295514594934013,0.00920615437214042,0.0959487069852451,0.482877271636964,0.0113076635592246,72
"male","N2,N2-Dimethylguanosine",-0.0308363055583317,0.0144102650322493,0.120042763348106,0.598111564770477,0.0144514504724348,69
"female","N6-Acetyl-Lysine",0.106858121466501,0.0335312760085091,0.183115471789003,1.03254958559475,0.0215803653070296,72
"male","N6-Acetyl-Lysine",-0.111504126747653,0.0524710884265782,0.229065685833951,1.2802196247596,0.027576268001797,69
"female","N6-Trimethyllysine",0.181031653934618,0.094924491528959,0.308098184884233,1.78217074407204,0.0363097193004846,72
"male","N6-Trimethyllysine",-0.188902595410036,0.100601272016233,0.317177035764308,1.65503298919642,0.0381836280297017,69
"female","NAD",0.016065422156213,0.0133495177826978,0.115540113305716,0.521430367244233,0.0136165329362557,72
"male","NAD",-0.0167639187717005,0.0508167774165569,0.225425769193668,1.29531598406178,0.0271380735318954,69
"female","NADH",-0.0178144659987462,0.0117803495383924,0.108537318643831,0.519269000191601,0.0127912456708096,72
"male","NADH",0.0185890079986916,0.0173224421505705,0.131614748985706,0.717080016151015,0.0158445538353136,69
"female","Neopterin",-0.0464063223982584,0.0120172620488995,0.109623273299512,0.531025037480767,0.0129192266543252,72
"male","Neopterin",0.048423988589487,0.0163006846427342,0.127674134587763,0.672491328911602,0.0153701596093352,69
"female","Niacinamide",-0.0644381333657736,0.0240319245319244,0.15502233559047,0.854340274046989,0.018269557455233,72
"male","Niacinamide",0.0672397913381986,0.0647679404454405,0.254495462524267,1.3626643463757,0.0306376533624413,69
"female","Nicotinic Acid",-0.00970652048427275,0.00682182660469012,0.0825943497140702,0.402961545835753,0.00973383746175203,72
"male","Nicotinic Acid",0.0101285431140237,0.00967492334977115,0.0983611882287478,0.436181341078531,0.0118412955554477,69
"female","o-Phosphoethanolamine",-0.0422725830700101,0.0213270637626246,0.146037884682793,0.706325253650783,0.017210729761557,72
"male","o-Phosphoethanolamine",0.0441105214643584,0.0313155201541233,0.176961917242449,1.10040208596512,0.0213037113709255,69
"female","Ornithine",0.00659305468745073,0.00389981810861357,0.0624485236704085,0.268392567661793,0.00735962909373908,72
"male","Ornithine",-0.00687970923907902,0.0162102918291097,0.127319644317402,0.831140565116665,0.0153274839957271,69
"female","Orotate",-0.0164027707086532,0.0128910136517892,0.113538599831904,0.484496947711981,0.0133806523112609,72
"male","Orotate",0.0171159346525077,0.0123687423140985,0.111214847543386,0.540406354891093,0.0133886942973142,69
"female","Oxalacetate",-0.0965834395016434,0.0165591259731886,0.128682267516502,0.671865445275329,0.01516535066323,72
"male","Oxalacetate",0.100782719479976,0.043326413931017,0.208149979416326,1.06397085849227,0.0250583128418197,69
"female","Oxidized Glutathione",0.0298787499553349,0.113036620343912,0.336209191343592,1.7029231408162,0.0396226331827166,72
"male","Oxidized Glutathione",-0.0311778260403495,0.143472166640116,0.378777199208343,1.79512855253161,0.0455994162561347,69
"female","Palmitic Acid",-0.0584246194182511,0.00589275615724779,0.076764289596451,0.405139608370593,0.00904675828776974,72
"male","Palmitic Acid",0.0609648202625229,0.0112251647564381,0.105948878032937,0.607664012714106,0.0127547460654752,69
"female","Pantothenate",-0.0564366862434879,0.0169782349234754,0.130300556113454,0.549970519825075,0.0153560678033669,72
"male","Pantothenate",0.0588904552105961,0.0179231270634344,0.133877283597459,0.591025386610188,0.0161169309946855,69
"female","PEP",0.267437132721392,0.103330941695625,0.321451305325745,1.66249426016479,0.0378833996361836,72
"male","PEP",-0.279064834144061,0.26116867767495,0.511046649216048,2.68825714057314,0.0615227868324977,69
"female","Phenylacetic Acid",-0.090759113239439,0.0291679070917143,0.170786144320066,0.839923205728481,0.0201273401302371,72
"male","Phenylacetic Acid",0.0947051616411538,0.0483071657456216,0.21978891178952,1.07672507509818,0.0264594756445743,69
"female","Phenylalanine",-0.0152773804831482,0.015439944630179,0.124257573733672,0.725950587903852,0.0146438955001445,72
"male","Phenylalanine",0.0159416144171981,0.0114943805272164,0.107211848819132,0.560312152157212,0.0129067898809937,69
"female","Phosphorylcholine",-0.00860910420038448,0.0239407781143232,0.154728077976569,0.7450869177014,0.0182348788628655,72
"male","Phosphorylcholine",0.00898341307866207,0.0173082310368869,0.131560750366084,0.592000669577772,0.0158380531654249,69
"female","Phosphoserine",-0.00752019021564752,0.0125397812360821,0.111981164648713,0.575218773262808,0.013197106814712,72
"male","Phosphoserine",0.00784715500763219,0.0116858237314591,0.108100988577622,0.606438491351674,0.013013829729332,69
"female","Phosphotyrosine",0.0148938541809901,0.0202439021363506,0.142281067385477,0.894327617785411,0.0167679845971218,72
"male","Phosphotyrosine",-0.0155414130584244,0.0416183689611246,0.204005806194639,1.48899290643821,0.0245594130131917,69
"female","Pipecolate",0.0246060761558562,0.0368963845340661,0.192084316210528,0.859389190840575,0.0226373537586742,72
"male","Pipecolate",-0.0256759055539369,0.0384032107775775,0.195967371716767,0.905765495285031,0.023591699221099,69
"female","Proline",-0.0234290844668615,0.0125667662786168,0.112101589099427,0.579752759218119,0.0132112989723322,72
"male","Proline",0.0244477403132467,0.00961571350322026,0.0980597445602438,0.501592777973236,0.0118050060022576,69
"female","Pseudouridine",-0.0186594783488427,0.0308381001007437,0.175607801935859,1.01710690112019,0.020695577929685,72
"male","Pseudouridine",0.0194707600161836,0.0330674912687787,0.181844689965857,1.00336540579069,0.0218915281306569,69
"female","Putrescine",0.0639268966861894,0.0262285347213684,0.161952260624446,0.788485704233743,0.0190862569526728,72
"male","Putrescine",-0.0667063269768932,0.047773251039137,0.218570929080555,1.11899978883454,0.0263128477571118,69
"female","Pyridoxamine",-0.0758645921587387,0.0183489802100942,0.135458407675914,0.714836133862015,0.0159639264393952,72
"male","Pyridoxamine",0.0791630526873796,0.0263644767419113,0.162371416024839,0.983542225932432,0.0195472214348946,69
"female","Pyroglutamic Acid",-0.00945512297858177,0.0219067114929388,0.148009160165643,0.631991389574962,0.017443046805142,72
"male","Pyroglutamic Acid",0.00986621528199837,0.02402447302697,0.154998300077678,0.741138055822541,0.0186596025816954,69
"female","Pyruvate",0.0780183391440029,0.0480991702960986,0.219315230424379,1.62089422896818,0.0258465477750948,72
"male","Pyruvate",-0.0814104408459161,0.087524861851153,0.295846010368829,1.89402116057107,0.0356156743402727,69
"female","Reduced Glutathione",-0.0477808056508399,0.084427257477597,0.290563689193259,1.22342440873149,0.0342432591658557,72
"male","Reduced Glutathione",0.0498582319834852,0.0894873656185442,0.299144389247975,1.34741890901578,0.0360127524954389,69
"female","Retinol",-0.0697844949231058,0.0156415480178573,0.125066174555142,0.687295515810568,0.0147391900208336,72
"male","Retinol",0.0728186033980235,0.0390336482501142,0.197569350482594,1.29300652167125,0.0237845548014484,69
"female","Riboflavin",-0.0621325603471657,0.0378380567089793,0.194520067625372,0.905618036934897,0.0229244098157944,72
"male","Riboflavin",0.0648339760144338,0.0569740366588079,0.238692347298375,1.07789060577958,0.0287351818545595,69
"female","Ribose-5-P",0.0732090675892395,0.0210899448417225,0.145223775056712,0.584341014331584,0.0171147860220185,72
"male","Ribose-5-P",-0.0763920705279021,0.0509720455623986,0.225769895164078,1.34825129793796,0.0271795014304122,69
"female","Ribulose 5-Phosphate",0.121233591141658,0.0530201241782577,0.230260991438536,1.01439499343245,0.0271365180814878,72
"male","Ribulose 5-Phosphate",-0.126504616843469,0.0851205126819876,0.291754199082014,1.39937947136511,0.0351230781478436,69
"female","S-Adenosylmethionine (SAM)",0.0842645197058524,0.0342208485514042,0.184988779528393,0.995392462124684,0.0218011367413249,72
"male","S-Adenosylmethionine (SAM)",-0.087928194475672,0.0583002032505403,0.24145435024149,1.08215365005805,0.0290676879350919,69
"female","S-Methylcysteine",-0.0791772361480581,0.0349719526707865,0.187007894675028,0.9686994765819,0.0220390917433554,72
"male","S-Methylcysteine",0.0826197246762346,0.0361567300225499,0.190149230928105,0.967506308430884,0.0228912773788829,69
"female","SAH",0.0354788281057022,0.0242230266674633,0.155637484776205,0.903939436024932,0.0183420534820121,72
"male","SAH",-0.0370213858494284,0.0339412059880823,0.18423139251518,0.883048492018413,0.0221788533531191,69
"female","Sarcosine",-0.351759379842398,0.184421466408755,0.429443205102555,2.26156447359583,0.0506103670770837,72
"male","Sarcosine",0.367053265922502,0.116951045563338,0.341981060240677,1.77902980881578,0.0411696816762498,69
"female","Sedoheptulose 7-Phosphate",0.0587241292693652,0.0203392661003827,0.142615798915768,0.748558522833357,0.0168074330862794,72
"male","Sedoheptulose 7-Phosphate",-0.0612773522810768,0.0368528917966579,0.191971070207617,1.21435572346505,0.0231106010547321,69
"female","Serine",0.0145249670364305,0.00547211083366852,0.073973717181635,0.336673934421899,0.00871788617478498,72
"male","Serine",-0.0151564873423622,0.00780973720229656,0.088372717522415,0.535634099493661,0.0106388249884436,69
"female","Sorbitol",0.0279776928414601,0.0196157045750092,0.140056076537254,0.634709487450951,0.0165057669109791,72
"male","Sorbitol",-0.0291941142693496,0.0253582044528216,0.159242596226078,0.710416820708863,0.0191705557942691,69
"female","Spermidine",0.0304488310048688,0.0138804817112182,0.117815456164368,0.654511135762958,0.0138846846637352,72
"male","Spermidine",-0.0317726932224717,0.0255857167816588,0.159955358715045,0.971985316073376,0.019256362314551,69
"female","Suberic Acid",-0.0795025500361511,0.143659761766515,0.379024750862678,1.48543031945403,0.0446684952620903,72
"male","Suberic Acid",0.0829591826464185,0.0733562636627383,0.270843614771954,1.13598147528819,0.0326057396171551,69
"female","Succinate",-0.0162774205783479,0.0114847132642534,0.107166754472893,0.636048841757932,0.0126297231342561,72
"male","Succinate",0.0169851345165369,0.0212426333229927,0.145748527687221,0.739759414891344,0.017546060841621,69
"female","Succinylcarnitine",0.0990697185302851,0.0453804291335461,0.213026827262545,0.917430469529493,0.0251054523553335,72
"male","Succinylcarnitine",-0.103377097596819,0.0403457331817385,0.200862473303847,1.06225972376225,0.0241810002016011,69
"female","Sucrose",0.0611268783751826,0.0886873180012507,0.297804160483447,1.72106038631637,0.0350965568905687,72
"male","Sucrose",-0.063784568739321,0.0683775869789102,0.261491083937694,1.25656951717165,0.0314798272141618,69
"female","Taurine",-0.0431291866474137,0.00291196211833884,0.0539625992548435,0.272701980193214,0.006359553310592,72
"male","Taurine",0.0450043686755622,0.00435935989006869,0.0660254488062647,0.366822645643929,0.00794852997991296,69
"female","Thiamine",0.00521038654791955,0.0158215753359484,0.12578384370001,0.715793911147137,0.0148237681406643,72
"male","Thiamine",-0.00543692509348127,0.0173377141455593,0.131672753998537,0.64610173396305,0.0158515368182665,69
"female","Threonine",-0.0948924014852494,0.0337244896030897,0.183642287077595,0.830588459685527,0.0216424510841956,72
"male","Threonine",0.0990181580715646,0.0172312121250633,0.131267711662325,0.562279781675436,0.0158027754510858,69
"female","Trigonelline",-0.0090379833254604,0.0278657702020692,0.166930435217995,0.982367897862525,0.0196729404548443,72
"male","Trigonelline",0.00943093912221954,0.0401059713835687,0.200264753223249,0.96395554917467,0.0241090431597918,69
"female","Tryptophan",-0.0251876474014649,0.00868301781530201,0.0931827119979989,0.395149972201598,0.0109816879238564,72
"male","Tryptophan",0.0262827625058764,0.0150187490945126,0.122551006093433,0.62564308671185,0.0147534074150772,69
"female","Tyrosine",-0.0873013669652745,0.0324018123883206,0.1800050343416,0.789081605216519,0.0212137967384438,72
"male","Tyrosine",0.0910970785724604,0.0378643682472189,0.194587687809941,0.970074675915326,0.023425604796987,69
"female","UDP-GlcNAc",0.0361026713068484,0.0281875571967187,0.16789150424223,0.808689798951223,0.0197862035255485,72
"male","UDP-GlcNAc",-0.0376723526680158,0.0222353723291347,0.149115298776265,0.67248671769261,0.01795137245132,69
"female","UDP-Glucose",0.0224345583427535,0.0354039480727243,0.188159368814641,0.721476499738638,0.0221747942721023,72
"male","UDP-Glucose",-0.0234099739228733,0.0478893539764772,0.218836363469322,1.08398060190643,0.0263448023024418,69
"female","UMP",-0.0294874806030753,0.0662302699899037,0.257352423710957,1.21130522413941,0.0303292739934685,72
"male","UMP",0.030769544977122,0.0638449888450138,0.252675659383752,0.990315828898556,0.0304185748089222,69
"female","Uracil",-0.0362791512963994,0.006289624693699,0.0793071541142349,0.419778893155263,0.00934643774513035,72
"male","Uracil",0.0378565057005907,0.00642145335551864,0.0801339712950671,0.371698638205638,0.00964699649550719,69
"female","Urate",-0.0804377125927524,0.00955148657521735,0.0977317071129802,0.568600980430972,0.011517792139421,72
"male","Urate",0.0839350044446112,0.0163471376013439,0.127855925171045,0.585240929811871,0.0153920446237865,69
"female","Uridine",0.0465385062563627,0.0304581119513746,0.174522525627423,0.840067196306149,0.020567676890159,72
"male","Uridine",-0.0485619195718567,0.0412795689402005,0.203173740774246,1.07642475317711,0.0244592441077345,69
"female","Valine",-0.0356747011842992,0.0181886683119042,0.134865371062791,0.569372399887364,0.0158940364042899,72
"male","Valine",0.0372257751488339,0.0179930905508433,0.134138326181756,0.51028296238312,0.0161483568288879,69
"female","Xanthine",-0.0774052271003151,0.023607371977731,0.153646906827736,0.701695999310291,0.0181074616210383,72
"male","Xanthine",0.0807706717568505,0.0254413305818794,0.159503387368041,0.697165881856255,0.0192019513583715,69
"female","Xanthosine",-0.010611981955255,0.018818610048298,0.137180939085202,0.783387206750262,0.0161669287127809,72
"male","Xanthosine",0.0110733724750487,0.0153308233320837,0.123817702014226,0.70042545978079,0.0149058996841022,69
"female","Xanthurenic Acid",0.0120971566081964,0.0681302355474367,0.261017692019979,1.65144391416171,0.0307612300061649,72
"male","Xanthurenic Acid",-0.0126231199389876,0.0688102728467285,0.26231712267164,1.79313363151103,0.0315792705918298,69
